{"type": "FeatureCollection", "features": [{"type": "Feature", "geometry": {"type": "Point", "coordinates": [145.11197651, -37.87360157]}, "properties": {"stop_id": "10117", "stop_name": "Jordanville", "full_name": "Jordanville Station", "is_interchange": false, "mode": "Metro Train"}}, {"type": "Feature", "geometry": {"type": "Point", "coordinates": [144.95562907, -37.81205297]}, "properties": {"stop_id": "10920", "stop_name": "Flagstaff", "full_name": "Flagstaff Station", "is_interchange": false, "mode": "Metro Train"}}, {"type": "Feature", "geometry": {"type": "Point", "coordinates": [144.96251307, -37.80997342]}, "properties": {"stop_id": "10922", "stop_name": "Melbourne Central", "full_name": "Melbourne Central Station", "is_interchange": false, "mode": "Metro Train"}}, {"type": "Feature", "geometry": {"type": "Point", "coordinates": [144.97291092, -37.81105406]}, "properties": {"stop_id": "10924", "stop_name": "Parliament", "full_name": "Parliament Station", "is_interchange": false, "mode": "Metro Train"}}, {"type": "Feature", "geometry": {"type": "Point", "coordinates": [145.35522205, -37.90914619]}, "properties": {"stop_id": "11119", "stop_name": "Belgrave", "full_name": "Belgrave Station", "is_interchange": false, "mode": "Metro Train"}}, {"type": "Feature", "geometry": {"type": "Point", "coordinates": [145.3428039, -37.90799864]}, "properties": {"stop_id": "11121", "stop_name": "Tecoma", "full_name": "Tecoma Station", "is_interchange": false, "mode": "Metro Train"}}, {"type": "Feature", "geometry": {"type": "Point", "coordinates": [145.33121134, -37.90355406]}, "properties": {"stop_id": "11122", "stop_name": "Upwey", "full_name": "Upwey Station", "is_interchange": false, "mode": "Metro Train"}}, {"type": "Feature", "geometry": {"type": "Point", "coordinates": [145.07970463, -37.86818601]}, "properties": {"stop_id": "11197", "stop_name": "Alamein", "full_name": "Alamein Station", "is_interchange": false, "mode": "Metro Train"}}, {"type": "Feature", "geometry": {"type": "Point", "coordinates": [145.08134329, -37.86198555]}, "properties": {"stop_id": "11198", "stop_name": "Ashburton", "full_name": "Ashburton Station", "is_interchange": false, "mode": "Metro Train"}}, {"type": "Feature", "geometry": {"type": "Point", "coordinates": [145.08053426, -37.85154564]}, "properties": {"stop_id": "11199", "stop_name": "Burwood", "full_name": "Burwood Station", "is_interchange": false, "mode": "Metro Train"}}, {"type": "Feature", "geometry": {"type": "Point", "coordinates": [145.07562705, -37.8440127]}, "properties": {"stop_id": "11201", "stop_name": "Hartwell", "full_name": "Hartwell Station", "is_interchange": false, "mode": "Metro Train"}}, {"type": "Feature", "geometry": {"type": "Point", "coordinates": [145.0702746, -37.83572429]}, "properties": {"stop_id": "11203", "stop_name": "Willison", "full_name": "Willison Station", "is_interchange": false, "mode": "Metro Train"}}, {"type": "Feature", "geometry": {"type": "Point", "coordinates": [145.06961496, -37.83138777]}, "properties": {"stop_id": "11205", "stop_name": "Riversdale", "full_name": "Riversdale Station", "is_interchange": false, "mode": "Metro Train"}}, {"type": "Feature", "geometry": {"type": "Point", "coordinates": [145.05825073, -37.82669496]}, "properties": {"stop_id": "11207", "stop_name": "Camberwell", "full_name": "Camberwell Station", "is_interchange": false, "mode": "Metro Train"}}, {"type": "Feature", "geometry": {"type": "Point", "coordinates": [144.96626579, -37.81809481]}, "properties": {"stop_id": "11212", "stop_name": "Flinders Street", "full_name": "Flinders Street Station", "is_interchange": false, "mode": "Metro Train"}}, {"type": "Feature", "geometry": {"type": "Point", "coordinates": [145.12603509, -38.14260955]}, "properties": {"stop_id": "11220", "stop_name": "Frankston", "full_name": "Frankston Station", "is_interchange": false, "mode": "Metro Train"}}, {"type": "Feature", "geometry": {"type": "Point", "coordinates": [145.13528348, -38.12175987]}, "properties": {"stop_id": "11222", "stop_name": "Kananook", "full_name": "Kananook Station", "is_interchange": false, "mode": "Metro Train"}}, {"type": "Feature", "geometry": {"type": "Point", "coordinates": [145.12817524, -38.10394807]}, "properties": {"stop_id": "11224", "stop_name": "Seaford", "full_name": "Seaford Station", "is_interchange": false, "mode": "Metro Train"}}, {"type": "Feature", "geometry": {"type": "Point", "coordinates": [145.12298052, -38.07742515]}, "properties": {"stop_id": "11226", "stop_name": "Carrum", "full_name": "Carrum Station", "is_interchange": false, "mode": "Metro Train"}}, {"type": "Feature", "geometry": {"type": "Point", "coordinates": [145.12005815, -38.06555519]}, "properties": {"stop_id": "11228", "stop_name": "Bonbeach", "full_name": "Bonbeach Station", "is_interchange": false, "mode": "Metro Train"}}, {"type": "Feature", "geometry": {"type": "Point", "coordinates": [145.11654487, -38.05320706]}, "properties": {"stop_id": "11230", "stop_name": "Chelsea", "full_name": "Chelsea Station", "is_interchange": false, "mode": "Metro Train"}}, {"type": "Feature", "geometry": {"type": "Point", "coordinates": [145.10737348, -38.03628004]}, "properties": {"stop_id": "11232", "stop_name": "Edithvale", "full_name": "Edithvale Station", "is_interchange": false, "mode": "Metro Train"}}, {"type": "Feature", "geometry": {"type": "Point", "coordinates": [145.10205828, -38.02722773]}, "properties": {"stop_id": "11234", "stop_name": "Aspendale", "full_name": "Aspendale Station", "is_interchange": false, "mode": "Metro Train"}}, {"type": "Feature", "geometry": {"type": "Point", "coordinates": [145.087199, -38.00589057]}, "properties": {"stop_id": "11236", "stop_name": "Mordialloc", "full_name": "Mordialloc Station", "is_interchange": false, "mode": "Metro Train"}}, {"type": "Feature", "geometry": {"type": "Point", "coordinates": [145.07594547, -37.9928563]}, "properties": {"stop_id": "11238", "stop_name": "Parkdale", "full_name": "Parkdale Station", "is_interchange": false, "mode": "Metro Train"}}, {"type": "Feature", "geometry": {"type": "Point", "coordinates": [145.06608639, -37.9832323]}, "properties": {"stop_id": "11240", "stop_name": "Mentone", "full_name": "Mentone Station", "is_interchange": false, "mode": "Metro Train"}}, {"type": "Feature", "geometry": {"type": "Point", "coordinates": [145.05434841, -37.9663941]}, "properties": {"stop_id": "11242", "stop_name": "Cheltenham", "full_name": "Cheltenham Station", "is_interchange": false, "mode": "Metro Train"}}, {"type": "Feature", "geometry": {"type": "Point", "coordinates": [145.30707772, -37.89256606]}, "properties": {"stop_id": "11245", "stop_name": "Upper Ferntree Gully", "full_name": "Upper Ferntree Gully Station", "is_interchange": false, "mode": "Metro Train"}}, {"type": "Feature", "geometry": {"type": "Point", "coordinates": [145.29513821, -37.88166932]}, "properties": {"stop_id": "11247", "stop_name": "Ferntree Gully", "full_name": "Ferntree Gully Station", "is_interchange": false, "mode": "Metro Train"}}, {"type": "Feature", "geometry": {"type": "Point", "coordinates": [145.28473574, -37.86052901]}, "properties": {"stop_id": "11249", "stop_name": "Boronia", "full_name": "Boronia Station", "is_interchange": false, "mode": "Metro Train"}}, {"type": "Feature", "geometry": {"type": "Point", "coordinates": [145.26773459, -37.84141772]}, "properties": {"stop_id": "11410", "stop_name": "Bayswater", "full_name": "Bayswater Station", "is_interchange": false, "mode": "Metro Train"}}, {"type": "Feature", "geometry": {"type": "Point", "coordinates": [145.24455324, -37.82841236]}, "properties": {"stop_id": "11412", "stop_name": "Heathmont", "full_name": "Heathmont Station", "is_interchange": false, "mode": "Metro Train"}}, {"type": "Feature", "geometry": {"type": "Point", "coordinates": [145.04184809, -37.94846066]}, "properties": {"stop_id": "11471", "stop_name": "Highett", "full_name": "Highett Station", "is_interchange": false, "mode": "Metro Train"}}, {"type": "Feature", "geometry": {"type": "Point", "coordinates": [145.162893, -37.87974241]}, "properties": {"stop_id": "12158", "stop_name": "Glen Waverley", "full_name": "Glen Waverley Station", "is_interchange": false, "mode": "Metro Train"}}, {"type": "Feature", "geometry": {"type": "Point", "coordinates": [145.14963072, -37.87630838]}, "properties": {"stop_id": "12160", "stop_name": "Syndal", "full_name": "Syndal Station", "is_interchange": false, "mode": "Metro Train"}}, {"type": "Feature", "geometry": {"type": "Point", "coordinates": [145.12754247, -37.87531919]}, "properties": {"stop_id": "12162", "stop_name": "Mount Waverley", "full_name": "Mount Waverley Station", "is_interchange": false, "mode": "Metro Train"}}, {"type": "Feature", "geometry": {"type": "Point", "coordinates": [145.34580971, -37.75726653]}, "properties": {"stop_id": "12164", "stop_name": "Lilydale", "full_name": "Lilydale Station", "is_interchange": false, "mode": "Metro Train"}}, {"type": "Feature", "geometry": {"type": "Point", "coordinates": [145.31307216, -37.78475842]}, "properties": {"stop_id": "12166", "stop_name": "Mooroolbark", "full_name": "Mooroolbark Station", "is_interchange": false, "mode": "Metro Train"}}, {"type": "Feature", "geometry": {"type": "Point", "coordinates": [145.28073944, -37.79520472]}, "properties": {"stop_id": "12168", "stop_name": "Croydon", "full_name": "Croydon Station", "is_interchange": false, "mode": "Metro Train"}}, {"type": "Feature", "geometry": {"type": "Point", "coordinates": [145.24994534, -37.81178415]}, "properties": {"stop_id": "12170", "stop_name": "Ringwood East", "full_name": "Ringwood East Station", "is_interchange": false, "mode": "Metro Train"}}, {"type": "Feature", "geometry": {"type": "Point", "coordinates": [145.48568563, -38.08051492]}, "properties": {"stop_id": "12172", "stop_name": "Pakenham", "full_name": "Pakenham Station", "is_interchange": false, "mode": "Metro Train"}}, {"type": "Feature", "geometry": {"type": "Point", "coordinates": [145.41100885, -38.06620008]}, "properties": {"stop_id": "12174", "stop_name": "Officer", "full_name": "Officer Station", "is_interchange": false, "mode": "Metro Train"}}, {"type": "Feature", "geometry": {"type": "Point", "coordinates": [145.36607033, -38.05098451]}, "properties": {"stop_id": "12176", "stop_name": "Beaconsfield", "full_name": "Beaconsfield Station", "is_interchange": false, "mode": "Metro Train"}}, {"type": "Feature", "geometry": {"type": "Point", "coordinates": [145.3450326, -38.03983078]}, "properties": {"stop_id": "12178", "stop_name": "Berwick", "full_name": "Berwick Station", "is_interchange": false, "mode": "Metro Train"}}, {"type": "Feature", "geometry": {"type": "Point", "coordinates": [145.30378076, -38.02759031]}, "properties": {"stop_id": "12180", "stop_name": "Narre Warren", "full_name": "Narre Warren Station", "is_interchange": false, "mode": "Metro Train"}}, {"type": "Feature", "geometry": {"type": "Point", "coordinates": [145.27004437, -38.01798764]}, "properties": {"stop_id": "12182", "stop_name": "Hallam", "full_name": "Hallam Station", "is_interchange": false, "mode": "Metro Train"}}, {"type": "Feature", "geometry": {"type": "Point", "coordinates": [145.28074169, -38.0997737]}, "properties": {"stop_id": "12184", "stop_name": "Cranbourne", "full_name": "Cranbourne Station", "is_interchange": false, "mode": "Metro Train"}}, {"type": "Feature", "geometry": {"type": "Point", "coordinates": [145.26336215, -38.07904333]}, "properties": {"stop_id": "12186", "stop_name": "Merinda Park", "full_name": "Merinda Park Station", "is_interchange": false, "mode": "Metro Train"}}, {"type": "Feature", "geometry": {"type": "Point", "coordinates": [145.20983503, -37.99014081]}, "properties": {"stop_id": "12187", "stop_name": "Dandenong", "full_name": "Dandenong Station", "is_interchange": false, "mode": "Metro Train"}}, {"type": "Feature", "geometry": {"type": "Point", "coordinates": [145.19141233, -37.97802635]}, "properties": {"stop_id": "12190", "stop_name": "Yarraman", "full_name": "Yarraman Station", "is_interchange": false, "mode": "Metro Train"}}, {"type": "Feature", "geometry": {"type": "Point", "coordinates": [145.17587747, -37.96629632]}, "properties": {"stop_id": "12192", "stop_name": "Noble Park", "full_name": "Noble Park Station", "is_interchange": false, "mode": "Metro Train"}}, {"type": "Feature", "geometry": {"type": "Point", "coordinates": [145.16325951, -37.95691687]}, "properties": {"stop_id": "12194", "stop_name": "Sandown Park", "full_name": "Sandown Park Station", "is_interchange": false, "mode": "Metro Train"}}, {"type": "Feature", "geometry": {"type": "Point", "coordinates": [145.06824844, -37.82584107]}, "properties": {"stop_id": "12206", "stop_name": "East Camberwell", "full_name": "East Camberwell Station", "is_interchange": false, "mode": "Metro Train"}}, {"type": "Feature", "geometry": {"type": "Point", "coordinates": [145.08134014, -37.82439695]}, "properties": {"stop_id": "12209", "stop_name": "Canterbury", "full_name": "Canterbury Station", "is_interchange": false, "mode": "Metro Train"}}, {"type": "Feature", "geometry": {"type": "Point", "coordinates": [145.08872789, -37.82428279]}, "properties": {"stop_id": "12212", "stop_name": "Chatham", "full_name": "Chatham Station", "is_interchange": false, "mode": "Metro Train"}}, {"type": "Feature", "geometry": {"type": "Point", "coordinates": [145.12183478, -37.81934528]}, "properties": {"stop_id": "12221", "stop_name": "Box Hill", "full_name": "Box Hill Station", "is_interchange": false, "mode": "Metro Train"}}, {"type": "Feature", "geometry": {"type": "Point", "coordinates": [145.14073949, -37.82067267]}, "properties": {"stop_id": "12224", "stop_name": "Laburnum", "full_name": "Laburnum Station", "is_interchange": false, "mode": "Metro Train"}}, {"type": "Feature", "geometry": {"type": "Point", "coordinates": [145.15006717, -37.82019776]}, "properties": {"stop_id": "12226", "stop_name": "Blackburn", "full_name": "Blackburn Station", "is_interchange": false, "mode": "Metro Train"}}, {"type": "Feature", "geometry": {"type": "Point", "coordinates": [145.1748612, -37.82045851]}, "properties": {"stop_id": "12229", "stop_name": "Nunawading", "full_name": "Nunawading Station", "is_interchange": false, "mode": "Metro Train"}}, {"type": "Feature", "geometry": {"type": "Point", "coordinates": [145.19321242, -37.81798383]}, "properties": {"stop_id": "12231", "stop_name": "Mitcham", "full_name": "Mitcham Station", "is_interchange": false, "mode": "Metro Train"}}, {"type": "Feature", "geometry": {"type": "Point", "coordinates": [145.2143358, -37.81874764]}, "properties": {"stop_id": "12233", "stop_name": "Heatherdale", "full_name": "Heatherdale Station", "is_interchange": false, "mode": "Metro Train"}}, {"type": "Feature", "geometry": {"type": "Point", "coordinates": [145.22914225, -37.8157449]}, "properties": {"stop_id": "12235", "stop_name": "Ringwood", "full_name": "Ringwood Station", "is_interchange": false, "mode": "Metro Train"}}, {"type": "Feature", "geometry": {"type": "Point", "coordinates": [145.04590799, -37.82254356]}, "properties": {"stop_id": "12238", "stop_name": "Auburn", "full_name": "Auburn Station", "is_interchange": false, "mode": "Metro Train"}}, {"type": "Feature", "geometry": {"type": "Point", "coordinates": [145.03645772, -37.82161133]}, "properties": {"stop_id": "12241", "stop_name": "Glenferrie", "full_name": "Glenferrie Station", "is_interchange": false, "mode": "Metro Train"}}, {"type": "Feature", "geometry": {"type": "Point", "coordinates": [145.02336616, -37.82176176]}, "properties": {"stop_id": "12244", "stop_name": "Hawthorn", "full_name": "Hawthorn Station", "is_interchange": false, "mode": "Metro Train"}}, {"type": "Feature", "geometry": {"type": "Point", "coordinates": [145.00766508, -37.82769725]}, "properties": {"stop_id": "12247", "stop_name": "Burnley", "full_name": "Burnley Station", "is_interchange": false, "mode": "Metro Train"}}, {"type": "Feature", "geometry": {"type": "Point", "coordinates": [144.99707413, -37.82650824]}, "properties": {"stop_id": "12251", "stop_name": "East Richmond", "full_name": "East Richmond Station", "is_interchange": false, "mode": "Metro Train"}}, {"type": "Feature", "geometry": {"type": "Point", "coordinates": [144.989537, -37.82416288]}, "properties": {"stop_id": "12253", "stop_name": "Richmond", "full_name": "Richmond Station", "is_interchange": false, "mode": "Metro Train"}}, {"type": "Feature", "geometry": {"type": "Point", "coordinates": [145.02267878, -37.83474527]}, "properties": {"stop_id": "12263", "stop_name": "Heyington", "full_name": "Heyington Station", "is_interchange": false, "mode": "Metro Train"}}, {"type": "Feature", "geometry": {"type": "Point", "coordinates": [145.03293, -37.8398014]}, "properties": {"stop_id": "12265", "stop_name": "Kooyong", "full_name": "Kooyong Station", "is_interchange": false, "mode": "Metro Train"}}, {"type": "Feature", "geometry": {"type": "Point", "coordinates": [145.04169943, -37.84937398]}, "properties": {"stop_id": "12267", "stop_name": "Tooronga", "full_name": "Tooronga Station", "is_interchange": false, "mode": "Metro Train"}}, {"type": "Feature", "geometry": {"type": "Point", "coordinates": [145.05128687, -37.85300263]}, "properties": {"stop_id": "12269", "stop_name": "Gardiner", "full_name": "Gardiner Station", "is_interchange": false, "mode": "Metro Train"}}, {"type": "Feature", "geometry": {"type": "Point", "coordinates": [145.15326543, -37.94922649]}, "properties": {"stop_id": "13714", "stop_name": "Springvale", "full_name": "Springvale Station", "is_interchange": false, "mode": "Metro Train"}}, {"type": "Feature", "geometry": {"type": "Point", "coordinates": [145.13809465, -37.93797487]}, "properties": {"stop_id": "13716", "stop_name": "Westall", "full_name": "Westall Station", "is_interchange": false, "mode": "Metro Train"}}, {"type": "Feature", "geometry": {"type": "Point", "coordinates": [145.12076066, -37.92473123]}, "properties": {"stop_id": "13718", "stop_name": "Clayton", "full_name": "Clayton Station", "is_interchange": false, "mode": "Metro Train"}}, {"type": "Feature", "geometry": {"type": "Point", "coordinates": [145.10239704, -37.91107194]}, "properties": {"stop_id": "13720", "stop_name": "Huntingdale", "full_name": "Huntingdale Station", "is_interchange": false, "mode": "Metro Train"}}, {"type": "Feature", "geometry": {"type": "Point", "coordinates": [145.08809514, -37.90024252]}, "properties": {"stop_id": "13722", "stop_name": "Oakleigh", "full_name": "Oakleigh Station", "is_interchange": false, "mode": "Metro Train"}}, {"type": "Feature", "geometry": {"type": "Point", "coordinates": [145.07576971, -37.89402172]}, "properties": {"stop_id": "13725", "stop_name": "Hughesdale", "full_name": "Hughesdale Station", "is_interchange": false, "mode": "Metro Train"}}, {"type": "Feature", "geometry": {"type": "Point", "coordinates": [145.06733983, -37.89023379]}, "properties": {"stop_id": "13727", "stop_name": "Murrumbeena", "full_name": "Murrumbeena Station", "is_interchange": false, "mode": "Metro Train"}}, {"type": "Feature", "geometry": {"type": "Point", "coordinates": [145.058518, -37.88624955]}, "properties": {"stop_id": "13729", "stop_name": "Carnegie", "full_name": "Carnegie Station", "is_interchange": false, "mode": "Metro Train"}}, {"type": "Feature", "geometry": {"type": "Point", "coordinates": [144.66106176, -37.89935891]}, "properties": {"stop_id": "13731", "stop_name": "Werribee", "full_name": "Werribee Station", "is_interchange": false, "mode": "Metro Train"}}, {"type": "Feature", "geometry": {"type": "Point", "coordinates": [144.70104751, -37.88322392]}, "properties": {"stop_id": "13734", "stop_name": "Hoppers Crossing", "full_name": "Hoppers Crossing Station", "is_interchange": false, "mode": "Metro Train"}}, {"type": "Feature", "geometry": {"type": "Point", "coordinates": [144.77203567, -37.86373711]}, "properties": {"stop_id": "13736", "stop_name": "Laverton", "full_name": "Laverton Station", "is_interchange": false, "mode": "Metro Train"}}, {"type": "Feature", "geometry": {"type": "Point", "coordinates": [144.76090332, -37.86650861]}, "properties": {"stop_id": "13738", "stop_name": "Aircraft", "full_name": "Aircraft Station", "is_interchange": false, "mode": "Metro Train"}}, {"type": "Feature", "geometry": {"type": "Point", "coordinates": [144.81343676, -37.86516243]}, "properties": {"stop_id": "13740", "stop_name": "Westona", "full_name": "Westona Station", "is_interchange": false, "mode": "Metro Train"}}, {"type": "Feature", "geometry": {"type": "Point", "coordinates": [144.83009787, -37.86720101]}, "properties": {"stop_id": "13742", "stop_name": "Altona", "full_name": "Altona Station", "is_interchange": false, "mode": "Metro Train"}}, {"type": "Feature", "geometry": {"type": "Point", "coordinates": [144.84096935, -37.86783351]}, "properties": {"stop_id": "13743", "stop_name": "Seaholme", "full_name": "Seaholme Station", "is_interchange": false, "mode": "Metro Train"}}, {"type": "Feature", "geometry": {"type": "Point", "coordinates": [144.99926602, -37.78066631]}, "properties": {"stop_id": "13744", "stop_name": "Westgarth", "full_name": "Westgarth Station", "is_interchange": false, "mode": "Metro Train"}}, {"type": "Feature", "geometry": {"type": "Point", "coordinates": [145.00827495, -37.77921489]}, "properties": {"stop_id": "13746", "stop_name": "Dennis", "full_name": "Dennis Station", "is_interchange": false, "mode": "Metro Train"}}, {"type": "Feature", "geometry": {"type": "Point", "coordinates": [145.01697243, -37.77920843]}, "properties": {"stop_id": "13748", "stop_name": "Fairfield", "full_name": "Fairfield Station", "is_interchange": false, "mode": "Metro Train"}}, {"type": "Feature", "geometry": {"type": "Point", "coordinates": [145.03125398, -37.77842966]}, "properties": {"stop_id": "13750", "stop_name": "Alphington", "full_name": "Alphington Station", "is_interchange": false, "mode": "Metro Train"}}, {"type": "Feature", "geometry": {"type": "Point", "coordinates": [145.03854407, -37.77496454]}, "properties": {"stop_id": "13752", "stop_name": "Darebin", "full_name": "Darebin Station", "is_interchange": false, "mode": "Metro Train"}}, {"type": "Feature", "geometry": {"type": "Point", "coordinates": [145.04542471, -37.76891476]}, "properties": {"stop_id": "13754", "stop_name": "Ivanhoe", "full_name": "Ivanhoe Station", "is_interchange": false, "mode": "Metro Train"}}, {"type": "Feature", "geometry": {"type": "Point", "coordinates": [145.05378999, -37.76378127]}, "properties": {"stop_id": "13756", "stop_name": "Eaglemont", "full_name": "Eaglemont Station", "is_interchange": false, "mode": "Metro Train"}}, {"type": "Feature", "geometry": {"type": "Point", "coordinates": [145.06086541, -37.75713898]}, "properties": {"stop_id": "13758", "stop_name": "Heidelberg", "full_name": "Heidelberg Station", "is_interchange": false, "mode": "Metro Train"}}, {"type": "Feature", "geometry": {"type": "Point", "coordinates": [145.06629137, -37.74317848]}, "properties": {"stop_id": "13760", "stop_name": "Rosanna", "full_name": "Rosanna Station", "is_interchange": false, "mode": "Metro Train"}}, {"type": "Feature", "geometry": {"type": "Point", "coordinates": [145.03666933, -37.93437917]}, "properties": {"stop_id": "14233", "stop_name": "Moorabbin", "full_name": "Moorabbin Station", "is_interchange": false, "mode": "Metro Train"}}, {"type": "Feature", "geometry": {"type": "Point", "coordinates": [145.03543471, -37.92519366]}, "properties": {"stop_id": "14236", "stop_name": "Patterson", "full_name": "Patterson Station", "is_interchange": false, "mode": "Metro Train"}}, {"type": "Feature", "geometry": {"type": "Point", "coordinates": [145.03697108, -37.91704568]}, "properties": {"stop_id": "14239", "stop_name": "Bentleigh", "full_name": "Bentleigh Station", "is_interchange": false, "mode": "Metro Train"}}, {"type": "Feature", "geometry": {"type": "Point", "coordinates": [145.0381136, -37.91086467]}, "properties": {"stop_id": "14242", "stop_name": "McKinnon", "full_name": "McKinnon Station", "is_interchange": false, "mode": "Metro Train"}}, {"type": "Feature", "geometry": {"type": "Point", "coordinates": [145.0394136, -37.90388422]}, "properties": {"stop_id": "14245", "stop_name": "Ormond", "full_name": "Ormond Station", "is_interchange": false, "mode": "Metro Train"}}, {"type": "Feature", "geometry": {"type": "Point", "coordinates": [145.04202342, -37.88995045]}, "properties": {"stop_id": "14248", "stop_name": "Glen Huntly", "full_name": "Glen Huntly Station", "is_interchange": false, "mode": "Metro Train"}}, {"type": "Feature", "geometry": {"type": "Point", "coordinates": [145.04212894, -37.87738078]}, "properties": {"stop_id": "14251", "stop_name": "Caulfield", "full_name": "Caulfield Station", "is_interchange": false, "mode": "Metro Train"}}, {"type": "Feature", "geometry": {"type": "Point", "coordinates": [145.02908917, -37.86625888]}, "properties": {"stop_id": "14255", "stop_name": "Malvern", "full_name": "Malvern Station", "is_interchange": false, "mode": "Metro Train"}}, {"type": "Feature", "geometry": {"type": "Point", "coordinates": [145.01888002, -37.85611145]}, "properties": {"stop_id": "14259", "stop_name": "Armadale", "full_name": "Armadale Station", "is_interchange": false, "mode": "Metro Train"}}, {"type": "Feature", "geometry": {"type": "Point", "coordinates": [145.01364561, -37.85083245]}, "properties": {"stop_id": "14263", "stop_name": "Toorak", "full_name": "Toorak Station", "is_interchange": false, "mode": "Metro Train"}}, {"type": "Feature", "geometry": {"type": "Point", "coordinates": [145.00170847, -37.84465561]}, "properties": {"stop_id": "14267", "stop_name": "Hawksburn", "full_name": "Hawksburn Station", "is_interchange": false, "mode": "Metro Train"}}, {"type": "Feature", "geometry": {"type": "Point", "coordinates": [145.00449433, -37.95028398]}, "properties": {"stop_id": "14271", "stop_name": "Sandringham", "full_name": "Sandringham Station", "is_interchange": false, "mode": "Metro Train"}}, {"type": "Feature", "geometry": {"type": "Point", "coordinates": [145.00148844, -37.93815735]}, "properties": {"stop_id": "14272", "stop_name": "Hampton", "full_name": "Hampton Station", "is_interchange": false, "mode": "Metro Train"}}, {"type": "Feature", "geometry": {"type": "Point", "coordinates": [144.98901038, -37.92631065]}, "properties": {"stop_id": "14274", "stop_name": "Brighton Beach", "full_name": "Brighton Beach Station", "is_interchange": false, "mode": "Metro Train"}}, {"type": "Feature", "geometry": {"type": "Point", "coordinates": [144.99634652, -37.91506312]}, "properties": {"stop_id": "14277", "stop_name": "Middle Brighton", "full_name": "Middle Brighton Station", "is_interchange": false, "mode": "Metro Train"}}, {"type": "Feature", "geometry": {"type": "Point", "coordinates": [145.00259878, -37.90469786]}, "properties": {"stop_id": "14279", "stop_name": "North Brighton", "full_name": "North Brighton Station", "is_interchange": false, "mode": "Metro Train"}}, {"type": "Feature", "geometry": {"type": "Point", "coordinates": [145.00412516, -37.89661324]}, "properties": {"stop_id": "14281", "stop_name": "Gardenvale", "full_name": "Gardenvale Station", "is_interchange": false, "mode": "Metro Train"}}, {"type": "Feature", "geometry": {"type": "Point", "coordinates": [145.00099334, -37.88500706]}, "properties": {"stop_id": "14283", "stop_name": "Elsternwick", "full_name": "Elsternwick Station", "is_interchange": false, "mode": "Metro Train"}}, {"type": "Feature", "geometry": {"type": "Point", "coordinates": [144.99512439, -37.87585045]}, "properties": {"stop_id": "14285", "stop_name": "Ripponlea", "full_name": "Ripponlea Station", "is_interchange": false, "mode": "Metro Train"}}, {"type": "Feature", "geometry": {"type": "Point", "coordinates": [144.99358296, -37.86938981]}, "properties": {"stop_id": "14287", "stop_name": "Balaclava", "full_name": "Balaclava Station", "is_interchange": false, "mode": "Metro Train"}}, {"type": "Feature", "geometry": {"type": "Point", "coordinates": [144.9919223, -37.85602412]}, "properties": {"stop_id": "14289", "stop_name": "Windsor", "full_name": "Windsor Station", "is_interchange": false, "mode": "Metro Train"}}, {"type": "Feature", "geometry": {"type": "Point", "coordinates": [144.98977527, -37.84970629]}, "properties": {"stop_id": "14291", "stop_name": "Prahran", "full_name": "Prahran Station", "is_interchange": false, "mode": "Metro Train"}}, {"type": "Feature", "geometry": {"type": "Point", "coordinates": [144.99205655, -37.83850756]}, "properties": {"stop_id": "14293", "stop_name": "South Yarra", "full_name": "South Yarra Station", "is_interchange": false, "mode": "Metro Train"}}, {"type": "Feature", "geometry": {"type": "Point", "coordinates": [144.94675499, -37.66594287]}, "properties": {"stop_id": "14299", "stop_name": "Upfield", "full_name": "Upfield Station", "is_interchange": false, "mode": "Metro Train"}}, {"type": "Feature", "geometry": {"type": "Point", "coordinates": [144.9588763, -37.70060594]}, "properties": {"stop_id": "14300", "stop_name": "Gowrie", "full_name": "Gowrie Station", "is_interchange": false, "mode": "Metro Train"}}, {"type": "Feature", "geometry": {"type": "Point", "coordinates": [144.96057781, -37.71466691]}, "properties": {"stop_id": "14302", "stop_name": "Fawkner", "full_name": "Fawkner Station", "is_interchange": false, "mode": "Metro Train"}}, {"type": "Feature", "geometry": {"type": "Point", "coordinates": [144.96137912, -37.72102514]}, "properties": {"stop_id": "14304", "stop_name": "Merlynston", "full_name": "Merlynston Station", "is_interchange": false, "mode": "Metro Train"}}, {"type": "Feature", "geometry": {"type": "Point", "coordinates": [144.96285634, -37.73336091]}, "properties": {"stop_id": "14306", "stop_name": "Batman", "full_name": "Batman Station", "is_interchange": false, "mode": "Metro Train"}}, {"type": "Feature", "geometry": {"type": "Point", "coordinates": [144.96340194, -37.74202173]}, "properties": {"stop_id": "14308", "stop_name": "Coburg", "full_name": "Coburg Station", "is_interchange": false, "mode": "Metro Train"}}, {"type": "Feature", "geometry": {"type": "Point", "coordinates": [144.96190371, -37.75402664]}, "properties": {"stop_id": "14310", "stop_name": "Moreland", "full_name": "Moreland Station", "is_interchange": false, "mode": "Metro Train"}}, {"type": "Feature", "geometry": {"type": "Point", "coordinates": [144.96080913, -37.76082064]}, "properties": {"stop_id": "14312", "stop_name": "Anstey", "full_name": "Anstey Station", "is_interchange": false, "mode": "Metro Train"}}, {"type": "Feature", "geometry": {"type": "Point", "coordinates": [144.95965388, -37.76774875]}, "properties": {"stop_id": "14314", "stop_name": "Brunswick", "full_name": "Brunswick Station", "is_interchange": false, "mode": "Metro Train"}}, {"type": "Feature", "geometry": {"type": "Point", "coordinates": [144.95874848, -37.77507769]}, "properties": {"stop_id": "14316", "stop_name": "Jewell", "full_name": "Jewell Station", "is_interchange": false, "mode": "Metro Train"}}, {"type": "Feature", "geometry": {"type": "Point", "coordinates": [144.95176687, -37.78121969]}, "properties": {"stop_id": "14318", "stop_name": "Royal Park", "full_name": "Royal Park Station", "is_interchange": false, "mode": "Metro Train"}}, {"type": "Feature", "geometry": {"type": "Point", "coordinates": [144.93928798, -37.78818439]}, "properties": {"stop_id": "14320", "stop_name": "Flemington Bridge", "full_name": "Flemington Bridge Station", "is_interchange": false, "mode": "Metro Train"}}, {"type": "Feature", "geometry": {"type": "Point", "coordinates": [144.93610638, -37.79478836]}, "properties": {"stop_id": "14322", "stop_name": "Macaulay", "full_name": "Macaulay Station", "is_interchange": false, "mode": "Metro Train"}}, {"type": "Feature", "geometry": {"type": "Point", "coordinates": [144.94230306, -37.80720684]}, "properties": {"stop_id": "14324", "stop_name": "North Melbourne", "full_name": "North Melbourne Station", "is_interchange": false, "mode": "Metro Train"}}, {"type": "Feature", "geometry": {"type": "Point", "coordinates": [144.99547418, -37.7886314]}, "properties": {"stop_id": "14330", "stop_name": "Clifton Hill", "full_name": "Clifton Hill Station", "is_interchange": false, "mode": "Metro Train"}}, {"type": "Feature", "geometry": {"type": "Point", "coordinates": [144.99444923, -37.79923889]}, "properties": {"stop_id": "14332", "stop_name": "Victoria Park", "full_name": "Victoria Park Station", "is_interchange": false, "mode": "Metro Train"}}, {"type": "Feature", "geometry": {"type": "Point", "coordinates": [144.99373379, -37.80427333]}, "properties": {"stop_id": "14334", "stop_name": "Collingwood", "full_name": "Collingwood Station", "is_interchange": false, "mode": "Metro Train"}}, {"type": "Feature", "geometry": {"type": "Point", "coordinates": [144.99251882, -37.81055187]}, "properties": {"stop_id": "14336", "stop_name": "North Richmond", "full_name": "North Richmond Station", "is_interchange": false, "mode": "Metro Train"}}, {"type": "Feature", "geometry": {"type": "Point", "coordinates": [144.99140899, -37.81503885]}, "properties": {"stop_id": "14338", "stop_name": "West Richmond", "full_name": "West Richmond Station", "is_interchange": false, "mode": "Metro Train"}}, {"type": "Feature", "geometry": {"type": "Point", "coordinates": [144.98392753, -37.81654212]}, "properties": {"stop_id": "14340", "stop_name": "Jolimont-MCG", "full_name": "Jolimont-MCG Station", "is_interchange": false, "mode": "Metro Train"}}, {"type": "Feature", "geometry": {"type": "Point", "coordinates": [145.06897063, -37.72610861]}, "properties": {"stop_id": "15324", "stop_name": "Macleod", "full_name": "Macleod Station", "is_interchange": false, "mode": "Metro Train"}}, {"type": "Feature", "geometry": {"type": "Point", "coordinates": [145.08376908, -37.71102067]}, "properties": {"stop_id": "15327", "stop_name": "Watsonia", "full_name": "Watsonia Station", "is_interchange": false, "mode": "Metro Train"}}, {"type": "Feature", "geometry": {"type": "Point", "coordinates": [145.10805466, -37.70395099]}, "properties": {"stop_id": "15329", "stop_name": "Greensborough", "full_name": "Greensborough Station", "is_interchange": false, "mode": "Metro Train"}}, {"type": "Feature", "geometry": {"type": "Point", "coordinates": [145.12105171, -37.7152528]}, "properties": {"stop_id": "15331", "stop_name": "Montmorency", "full_name": "Montmorency Station", "is_interchange": false, "mode": "Metro Train"}}, {"type": "Feature", "geometry": {"type": "Point", "coordinates": [145.14792767, -37.71340714]}, "properties": {"stop_id": "15332", "stop_name": "Eltham", "full_name": "Eltham Station", "is_interchange": false, "mode": "Metro Train"}}, {"type": "Feature", "geometry": {"type": "Point", "coordinates": [145.15850486, -37.67335149]}, "properties": {"stop_id": "15334", "stop_name": "Diamond Creek", "full_name": "Diamond Creek Station", "is_interchange": false, "mode": "Metro Train"}}, {"type": "Feature", "geometry": {"type": "Point", "coordinates": [145.18169298, -37.66400518]}, "properties": {"stop_id": "15336", "stop_name": "Wattle Glen", "full_name": "Wattle Glen Station", "is_interchange": false, "mode": "Metro Train"}}, {"type": "Feature", "geometry": {"type": "Point", "coordinates": [145.19196721, -37.63957765]}, "properties": {"stop_id": "15337", "stop_name": "Hurstbridge", "full_name": "Hurstbridge Station", "is_interchange": false, "mode": "Metro Train"}}, {"type": "Feature", "geometry": {"type": "Point", "coordinates": [144.90518926, -37.86766943]}, "properties": {"stop_id": "15338", "stop_name": "Williamstown", "full_name": "Williamstown Station", "is_interchange": false, "mode": "Metro Train"}}, {"type": "Feature", "geometry": {"type": "Point", "coordinates": [144.8943476, -37.86397044]}, "properties": {"stop_id": "15339", "stop_name": "Williamstown Beach", "full_name": "Williamstown Beach Station", "is_interchange": false, "mode": "Metro Train"}}, {"type": "Feature", "geometry": {"type": "Point", "coordinates": [144.88890497, -37.85712326]}, "properties": {"stop_id": "15341", "stop_name": "North Williamstown", "full_name": "North Williamstown Station", "is_interchange": false, "mode": "Metro Train"}}, {"type": "Feature", "geometry": {"type": "Point", "coordinates": [144.88352816, -37.84284244]}, "properties": {"stop_id": "15343", "stop_name": "Newport", "full_name": "Newport Station", "is_interchange": false, "mode": "Metro Train"}}, {"type": "Feature", "geometry": {"type": "Point", "coordinates": [144.88588983, -37.83057501]}, "properties": {"stop_id": "15345", "stop_name": "Spotswood", "full_name": "Spotswood Station", "is_interchange": false, "mode": "Metro Train"}}, {"type": "Feature", "geometry": {"type": "Point", "coordinates": [144.88982921, -37.81592968]}, "properties": {"stop_id": "15347", "stop_name": "Yarraville", "full_name": "Yarraville Station", "is_interchange": false, "mode": "Metro Train"}}, {"type": "Feature", "geometry": {"type": "Point", "coordinates": [144.8956504, -37.80895069]}, "properties": {"stop_id": "15349", "stop_name": "Seddon", "full_name": "Seddon Station", "is_interchange": false, "mode": "Metro Train"}}, {"type": "Feature", "geometry": {"type": "Point", "coordinates": [144.72793124, -37.57905771]}, "properties": {"stop_id": "15352", "stop_name": "Sunbury", "full_name": "Sunbury Station", "is_interchange": false, "mode": "Metro Train"}}, {"type": "Feature", "geometry": {"type": "Point", "coordinates": [144.71984207, -37.62705101]}, "properties": {"stop_id": "15354", "stop_name": "Diggers Rest", "full_name": "Diggers Rest Station", "is_interchange": false, "mode": "Metro Train"}}, {"type": "Feature", "geometry": {"type": "Point", "coordinates": [144.77394158, -37.70077275]}, "properties": {"stop_id": "15355", "stop_name": "Watergardens", "full_name": "Watergardens Station", "is_interchange": false, "mode": "Metro Train"}}, {"type": "Feature", "geometry": {"type": "Point", "coordinates": [144.79382451, -37.72942515]}, "properties": {"stop_id": "15358", "stop_name": "Keilor Plains", "full_name": "Keilor Plains Station", "is_interchange": false, "mode": "Metro Train"}}, {"type": "Feature", "geometry": {"type": "Point", "coordinates": [144.79978958, -37.74485644]}, "properties": {"stop_id": "15360", "stop_name": "St Albans", "full_name": "St Albans Station", "is_interchange": false, "mode": "Metro Train"}}, {"type": "Feature", "geometry": {"type": "Point", "coordinates": [144.81114215, -37.75973882]}, "properties": {"stop_id": "15362", "stop_name": "Ginifer", "full_name": "Ginifer Station", "is_interchange": false, "mode": "Metro Train"}}, {"type": "Feature", "geometry": {"type": "Point", "coordinates": [144.82434525, -37.77709648]}, "properties": {"stop_id": "15364", "stop_name": "Albion", "full_name": "Albion Station", "is_interchange": false, "mode": "Metro Train"}}, {"type": "Feature", "geometry": {"type": "Point", "coordinates": [145.03147493, -37.65222049]}, "properties": {"stop_id": "15366", "stop_name": "Epping", "full_name": "Epping Station", "is_interchange": false, "mode": "Metro Train"}}, {"type": "Feature", "geometry": {"type": "Point", "coordinates": [145.01734, -37.66587124]}, "properties": {"stop_id": "15368", "stop_name": "Lalor", "full_name": "Lalor Station", "is_interchange": false, "mode": "Metro Train"}}, {"type": "Feature", "geometry": {"type": "Point", "coordinates": [145.01434735, -37.68032122]}, "properties": {"stop_id": "15370", "stop_name": "Thomastown", "full_name": "Thomastown Station", "is_interchange": false, "mode": "Metro Train"}}, {"type": "Feature", "geometry": {"type": "Point", "coordinates": [145.01175821, -37.69575118]}, "properties": {"stop_id": "15371", "stop_name": "Keon Park", "full_name": "Keon Park Station", "is_interchange": false, "mode": "Metro Train"}}, {"type": "Feature", "geometry": {"type": "Point", "coordinates": [145.00948212, -37.70791498]}, "properties": {"stop_id": "15373", "stop_name": "Ruthven", "full_name": "Ruthven Station", "is_interchange": false, "mode": "Metro Train"}}, {"type": "Feature", "geometry": {"type": "Point", "coordinates": [145.0071027, -37.71670648]}, "properties": {"stop_id": "15375", "stop_name": "Reservoir", "full_name": "Reservoir Station", "is_interchange": false, "mode": "Metro Train"}}, {"type": "Feature", "geometry": {"type": "Point", "coordinates": [145.00280441, -37.72848442]}, "properties": {"stop_id": "15377", "stop_name": "Regent", "full_name": "Regent Station", "is_interchange": false, "mode": "Metro Train"}}, {"type": "Feature", "geometry": {"type": "Point", "coordinates": [145.00058495, -37.73886456]}, "properties": {"stop_id": "15379", "stop_name": "Preston", "full_name": "Preston Station", "is_interchange": false, "mode": "Metro Train"}}, {"type": "Feature", "geometry": {"type": "Point", "coordinates": [145.00029087, -37.745997]}, "properties": {"stop_id": "15381", "stop_name": "Bell", "full_name": "Bell Station", "is_interchange": false, "mode": "Metro Train"}}, {"type": "Feature", "geometry": {"type": "Point", "coordinates": [144.998628, -37.75506176]}, "properties": {"stop_id": "15383", "stop_name": "Thornbury", "full_name": "Thornbury Station", "is_interchange": false, "mode": "Metro Train"}}, {"type": "Feature", "geometry": {"type": "Point", "coordinates": [144.99708925, -37.76413761]}, "properties": {"stop_id": "15385", "stop_name": "Croxton", "full_name": "Croxton Station", "is_interchange": false, "mode": "Metro Train"}}, {"type": "Feature", "geometry": {"type": "Point", "coordinates": [144.99529893, -37.76990179]}, "properties": {"stop_id": "15387", "stop_name": "Northcote", "full_name": "Northcote Station", "is_interchange": false, "mode": "Metro Train"}}, {"type": "Feature", "geometry": {"type": "Point", "coordinates": [144.99302679, -37.77793772]}, "properties": {"stop_id": "15389", "stop_name": "Merri", "full_name": "Merri Station", "is_interchange": false, "mode": "Metro Train"}}, {"type": "Feature", "geometry": {"type": "Point", "coordinates": [144.99243075, -37.78318147]}, "properties": {"stop_id": "15391", "stop_name": "Rushall", "full_name": "Rushall Station", "is_interchange": false, "mode": "Metro Train"}}, {"type": "Feature", "geometry": {"type": "Point", "coordinates": [144.86344464, -37.79925095]}, "properties": {"stop_id": "15512", "stop_name": "Tottenham", "full_name": "Tottenham Station", "is_interchange": false, "mode": "Metro Train"}}, {"type": "Feature", "geometry": {"type": "Point", "coordinates": [144.88388648, -37.80166571]}, "properties": {"stop_id": "15514", "stop_name": "West Footscray", "full_name": "West Footscray Station", "is_interchange": false, "mode": "Metro Train"}}, {"type": "Feature", "geometry": {"type": "Point", "coordinates": [144.89144989, -37.80248627]}, "properties": {"stop_id": "15516", "stop_name": "Middle Footscray", "full_name": "Middle Footscray Station", "is_interchange": false, "mode": "Metro Train"}}, {"type": "Feature", "geometry": {"type": "Point", "coordinates": [144.90207784, -37.80137842]}, "properties": {"stop_id": "15518", "stop_name": "Footscray", "full_name": "Footscray Station", "is_interchange": false, "mode": "Metro Train"}}, {"type": "Feature", "geometry": {"type": "Point", "coordinates": [144.92538929, -37.79953848]}, "properties": {"stop_id": "15522", "stop_name": "South Kensington", "full_name": "South Kensington Station", "is_interchange": false, "mode": "Metro Train"}}, {"type": "Feature", "geometry": {"type": "Point", "coordinates": [144.9153121, -37.78349989]}, "properties": {"stop_id": "15526", "stop_name": "Showgrounds", "full_name": "Showgrounds Station", "is_interchange": false, "mode": "Metro Train"}}, {"type": "Feature", "geometry": {"type": "Point", "coordinates": [144.94322791, -37.60229293]}, "properties": {"stop_id": "15527", "stop_name": "Craigieburn", "full_name": "Craigieburn Station", "is_interchange": false, "mode": "Metro Train"}}, {"type": "Feature", "geometry": {"type": "Point", "coordinates": [144.91971723, -37.682979]}, "properties": {"stop_id": "15529", "stop_name": "Broadmeadows", "full_name": "Broadmeadows Station", "is_interchange": false, "mode": "Metro Train"}}, {"type": "Feature", "geometry": {"type": "Point", "coordinates": [144.91587243, -37.69515821]}, "properties": {"stop_id": "15531", "stop_name": "Jacana", "full_name": "Jacana Station", "is_interchange": false, "mode": "Metro Train"}}, {"type": "Feature", "geometry": {"type": "Point", "coordinates": [144.91755093, -37.70488462]}, "properties": {"stop_id": "15533", "stop_name": "Glenroy", "full_name": "Glenroy Station", "is_interchange": false, "mode": "Metro Train"}}, {"type": "Feature", "geometry": {"type": "Point", "coordinates": [144.92154221, -37.71792311]}, "properties": {"stop_id": "15535", "stop_name": "Oak Park", "full_name": "Oak Park Station", "is_interchange": false, "mode": "Metro Train"}}, {"type": "Feature", "geometry": {"type": "Point", "coordinates": [144.92819788, -37.73067489]}, "properties": {"stop_id": "15537", "stop_name": "Pascoe Vale", "full_name": "Pascoe Vale Station", "is_interchange": false, "mode": "Metro Train"}}, {"type": "Feature", "geometry": {"type": "Point", "coordinates": [144.9274304, -37.74354828]}, "properties": {"stop_id": "15539", "stop_name": "Strathmore", "full_name": "Strathmore Station", "is_interchange": false, "mode": "Metro Train"}}, {"type": "Feature", "geometry": {"type": "Point", "coordinates": [144.92090364, -37.74724528]}, "properties": {"stop_id": "15541", "stop_name": "Glenbervie", "full_name": "Glenbervie Station", "is_interchange": false, "mode": "Metro Train"}}, {"type": "Feature", "geometry": {"type": "Point", "coordinates": [144.91633841, -37.75624849]}, "properties": {"stop_id": "15543", "stop_name": "Essendon", "full_name": "Essendon Station", "is_interchange": false, "mode": "Metro Train"}}, {"type": "Feature", "geometry": {"type": "Point", "coordinates": [144.91932483, -37.76592584]}, "properties": {"stop_id": "15546", "stop_name": "Moonee Ponds", "full_name": "Moonee Ponds Station", "is_interchange": false, "mode": "Metro Train"}}, {"type": "Feature", "geometry": {"type": "Point", "coordinates": [144.92188807, -37.77533431]}, "properties": {"stop_id": "15548", "stop_name": "Ascot Vale", "full_name": "Ascot Vale Station", "is_interchange": false, "mode": "Metro Train"}}, {"type": "Feature", "geometry": {"type": "Point", "coordinates": [144.92904682, -37.78731986]}, "properties": {"stop_id": "15550", "stop_name": "Newmarket", "full_name": "Newmarket Station", "is_interchange": false, "mode": "Metro Train"}}, {"type": "Feature", "geometry": {"type": "Point", "coordinates": [144.93057009, -37.79377201]}, "properties": {"stop_id": "15552", "stop_name": "Kensington", "full_name": "Kensington Station", "is_interchange": false, "mode": "Metro Train"}}, {"type": "Feature", "geometry": {"type": "Point", "coordinates": [144.95216625, -37.81815683]}, "properties": {"stop_id": "20043", "stop_name": "Southern Cross", "full_name": "Southern Cross Station", "is_interchange": false, "mode": "Metro Train"}}, {"type": "Feature", "geometry": {"type": "Point", "coordinates": [145.18942462, -38.35382333]}, "properties": {"stop_id": "2155", "stop_name": "Morradoo", "full_name": "Morradoo Station", "is_interchange": false, "mode": "Metro Train"}}, {"type": "Feature", "geometry": {"type": "Point", "coordinates": [144.83246381, -37.78833946]}, "properties": {"stop_id": "22241", "stop_name": "Sunshine", "full_name": "Sunshine Station", "is_interchange": false, "mode": "Metro Train"}}, {"type": "Feature", "geometry": {"type": "Point", "coordinates": [144.7608956, -37.86713926]}, "properties": {"stop_id": "26100", "stop_name": "Aircraft Rail Replacement Bus Stop", "full_name": "Aircraft Rail Replacement Bus Stop", "is_interchange": false, "mode": "Metro Train"}}, {"type": "Feature", "geometry": {"type": "Point", "coordinates": [145.07982729, -37.86827813]}, "properties": {"stop_id": "26101", "stop_name": "Alamein Rail Replacement Bus Stop", "full_name": "Alamein Rail Replacement Bus Stop", "is_interchange": false, "mode": "Metro Train"}}, {"type": "Feature", "geometry": {"type": "Point", "coordinates": [144.82585709, -37.77703428]}, "properties": {"stop_id": "26102", "stop_name": "Albion Rail Replacement Bus Stop", "full_name": "Albion Rail Replacement Bus Stop", "is_interchange": false, "mode": "Metro Train"}}, {"type": "Feature", "geometry": {"type": "Point", "coordinates": [145.03111528, -37.7780939]}, "properties": {"stop_id": "26103", "stop_name": "Alphington Rail Replacement Bus Stop", "full_name": "Alphington Rail Replacement Bus Stop", "is_interchange": false, "mode": "Metro Train"}}, {"type": "Feature", "geometry": {"type": "Point", "coordinates": [144.83071983, -37.86692411]}, "properties": {"stop_id": "26104", "stop_name": "Altona Rail Replacement Bus Stop", "full_name": "Altona Rail Replacement Bus Stop", "is_interchange": false, "mode": "Metro Train"}}, {"type": "Feature", "geometry": {"type": "Point", "coordinates": [144.96330992, -37.76069268]}, "properties": {"stop_id": "26105", "stop_name": "Anstey Rail Replacement Bus Stop", "full_name": "Anstey Rail Replacement Bus Stop", "is_interchange": false, "mode": "Metro Train"}}, {"type": "Feature", "geometry": {"type": "Point", "coordinates": [145.02033842, -37.85725345]}, "properties": {"stop_id": "26106", "stop_name": "Armadale Rail Replacement Bus Stop", "full_name": "Armadale Rail Replacement Bus Stop", "is_interchange": false, "mode": "Metro Train"}}, {"type": "Feature", "geometry": {"type": "Point", "coordinates": [144.92331791, -37.77657611]}, "properties": {"stop_id": "26107", "stop_name": "Ascot Vale Rail Replacement Bus Stop", "full_name": "Ascot Vale Rail Replacement Bus Stop", "is_interchange": false, "mode": "Metro Train"}}, {"type": "Feature", "geometry": {"type": "Point", "coordinates": [145.08153566, -37.8624573]}, "properties": {"stop_id": "26108", "stop_name": "Ashburton Rail Replacement Bus Stop", "full_name": "Ashburton Rail Replacement Bus Stop", "is_interchange": false, "mode": "Metro Train"}}, {"type": "Feature", "geometry": {"type": "Point", "coordinates": [145.10205782, -38.02680418]}, "properties": {"stop_id": "26109", "stop_name": "Aspendale Rail Replacement Bus Stop", "full_name": "Aspendale Rail Replacement Bus Stop", "is_interchange": false, "mode": "Metro Train"}}, {"type": "Feature", "geometry": {"type": "Point", "coordinates": [145.04637321, -37.823858]}, "properties": {"stop_id": "26110", "stop_name": "Auburn Rail Replacement Bus Stop", "full_name": "Auburn Rail Replacement Bus Stop", "is_interchange": false, "mode": "Metro Train"}}, {"type": "Feature", "geometry": {"type": "Point", "coordinates": [144.99332639, -37.86879066]}, "properties": {"stop_id": "26111", "stop_name": "Balaclava Rail Replacement Bus Stop", "full_name": "Balaclava Rail Replacement Bus Stop", "is_interchange": false, "mode": "Metro Train"}}, {"type": "Feature", "geometry": {"type": "Point", "coordinates": [144.96526621, -37.73361883]}, "properties": {"stop_id": "26112", "stop_name": "Batman Rail Replacement Bus Stop", "full_name": "Batman Rail Replacement Bus Stop", "is_interchange": false, "mode": "Metro Train"}}, {"type": "Feature", "geometry": {"type": "Point", "coordinates": [145.15759285, -38.19534878]}, "properties": {"stop_id": "26113", "stop_name": "Baxter Rail Replacement Bus Stop", "full_name": "Baxter Rail Replacement Bus Stop", "is_interchange": false, "mode": "Metro Train"}}, {"type": "Feature", "geometry": {"type": "Point", "coordinates": [145.26652474, -37.84115658]}, "properties": {"stop_id": "26114", "stop_name": "Bayswater Rail Replacement Bus Stop", "full_name": "Bayswater Rail Replacement Bus Stop", "is_interchange": false, "mode": "Metro Train"}}, {"type": "Feature", "geometry": {"type": "Point", "coordinates": [145.36651008, -38.05068421]}, "properties": {"stop_id": "26115", "stop_name": "Beaconsfield Rail Replacement Bus Stop", "full_name": "Beaconsfield Rail Replacement Bus Stop", "is_interchange": false, "mode": "Metro Train"}}, {"type": "Feature", "geometry": {"type": "Point", "coordinates": [145.35615208, -37.90926733]}, "properties": {"stop_id": "26116", "stop_name": "Belgrave Rail Replacement Bus Stop", "full_name": "Belgrave Rail Replacement Bus Stop", "is_interchange": false, "mode": "Metro Train"}}, {"type": "Feature", "geometry": {"type": "Point", "coordinates": [145.00282205, -37.7455623]}, "properties": {"stop_id": "26117", "stop_name": "Bell Rail Replacement Bus Stop", "full_name": "Bell Rail Replacement Bus Stop", "is_interchange": false, "mode": "Metro Train"}}, {"type": "Feature", "geometry": {"type": "Point", "coordinates": [145.03713157, -37.91828296]}, "properties": {"stop_id": "26118", "stop_name": "Bentleigh Rail Replacement Bus Stop", "full_name": "Bentleigh Rail Replacement Bus Stop", "is_interchange": false, "mode": "Metro Train"}}, {"type": "Feature", "geometry": {"type": "Point", "coordinates": [145.34460149, -38.03873426]}, "properties": {"stop_id": "26119", "stop_name": "Berwick Rail Replacement Bus Stop", "full_name": "Berwick Rail Replacement Bus Stop", "is_interchange": false, "mode": "Metro Train"}}, {"type": "Feature", "geometry": {"type": "Point", "coordinates": [145.1767101, -38.33787449]}, "properties": {"stop_id": "26120", "stop_name": "Bittern Rail Replacement Bus Stop", "full_name": "Bittern Rail Replacement Bus Stop", "is_interchange": false, "mode": "Metro Train"}}, {"type": "Feature", "geometry": {"type": "Point", "coordinates": [145.15037031, -37.8198871]}, "properties": {"stop_id": "26121", "stop_name": "Blackburn Rail Replacement Bus Stop", "full_name": "Blackburn Rail Replacement Bus Stop", "is_interchange": false, "mode": "Metro Train"}}, {"type": "Feature", "geometry": {"type": "Point", "coordinates": [145.12045262, -38.06706644]}, "properties": {"stop_id": "26122", "stop_name": "Bonbeach Rail Replacement Bus Stop", "full_name": "Bonbeach Rail Replacement Bus Stop", "is_interchange": false, "mode": "Metro Train"}}, {"type": "Feature", "geometry": {"type": "Point", "coordinates": [145.28463138, -37.86061761]}, "properties": {"stop_id": "26123", "stop_name": "Boronia Rail Replacement Bus Stop", "full_name": "Boronia Rail Replacement Bus Stop", "is_interchange": false, "mode": "Metro Train"}}, {"type": "Feature", "geometry": {"type": "Point", "coordinates": [145.12177613, -37.81807366]}, "properties": {"stop_id": "26124", "stop_name": "Box Hill Rail Replacement Bus Stop", "full_name": "Box Hill Rail Replacement Bus Stop", "is_interchange": false, "mode": "Metro Train"}}, {"type": "Feature", "geometry": {"type": "Point", "coordinates": [144.99055203, -37.92776985]}, "properties": {"stop_id": "26125", "stop_name": "Brighton Beach Rail Replacement Bus Stop", "full_name": "Brighton Beach Rail Replacement Bus Stop", "is_interchange": false, "mode": "Metro Train"}}, {"type": "Feature", "geometry": {"type": "Point", "coordinates": [144.91882061, -37.68341377]}, "properties": {"stop_id": "26126", "stop_name": "Broadmeadows Rail Replacement Bus Stop", "full_name": "Broadmeadows Rail Replacement Bus Stop", "is_interchange": false, "mode": "Metro Train"}}, {"type": "Feature", "geometry": {"type": "Point", "coordinates": [144.96222993, -37.76695524]}, "properties": {"stop_id": "26127", "stop_name": "Brunswick Rail Replacement Bus Stop", "full_name": "Brunswick Rail Replacement Bus Stop", "is_interchange": false, "mode": "Metro Train"}}, {"type": "Feature", "geometry": {"type": "Point", "coordinates": [145.00710276, -37.82832757]}, "properties": {"stop_id": "26128", "stop_name": "Burnley Rail Replacement Bus Stop", "full_name": "Burnley Rail Replacement Bus Stop", "is_interchange": false, "mode": "Metro Train"}}, {"type": "Feature", "geometry": {"type": "Point", "coordinates": [145.08150248, -37.85146229]}, "properties": {"stop_id": "26129", "stop_name": "Burwood Rail Replacement Bus Stop", "full_name": "Burwood Rail Replacement Bus Stop", "is_interchange": false, "mode": "Metro Train"}}, {"type": "Feature", "geometry": {"type": "Point", "coordinates": [145.05840781, -37.82633708]}, "properties": {"stop_id": "26130", "stop_name": "Camberwell Rail Replacement Bus Stop", "full_name": "Camberwell Rail Replacement Bus Stop", "is_interchange": false, "mode": "Metro Train"}}, {"type": "Feature", "geometry": {"type": "Point", "coordinates": [145.08070589, -37.82388194]}, "properties": {"stop_id": "26131", "stop_name": "Canterbury Rail Replacement Bus Stop", "full_name": "Canterbury Rail Replacement Bus Stop", "is_interchange": false, "mode": "Metro Train"}}, {"type": "Feature", "geometry": {"type": "Point", "coordinates": [145.43825108, -38.07217075]}, "properties": {"stop_id": "26132", "stop_name": "Cardinia Road Rail Replacement Bus Stop", "full_name": "Cardinia Road Rail Replacement Bus Stop", "is_interchange": false, "mode": "Metro Train"}}, {"type": "Feature", "geometry": {"type": "Point", "coordinates": [145.05763928, -37.88593766]}, "properties": {"stop_id": "26133", "stop_name": "Carnegie Rail Replacement Bus Stop", "full_name": "Carnegie Rail Replacement Bus Stop", "is_interchange": false, "mode": "Metro Train"}}, {"type": "Feature", "geometry": {"type": "Point", "coordinates": [145.12459318, -38.07588289]}, "properties": {"stop_id": "26134", "stop_name": "Carrum Rail Replacement Bus Stop", "full_name": "Carrum Rail Replacement Bus Stop", "is_interchange": false, "mode": "Metro Train"}}, {"type": "Feature", "geometry": {"type": "Point", "coordinates": [145.04199844, -37.87758588]}, "properties": {"stop_id": "26135", "stop_name": "Caulfield Rail Replacement Bus Stop", "full_name": "Caulfield Rail Replacement Bus Stop", "is_interchange": false, "mode": "Metro Train"}}, {"type": "Feature", "geometry": {"type": "Point", "coordinates": [145.08917445, -37.82502902]}, "properties": {"stop_id": "26136", "stop_name": "Chatham Rail Replacement Bus Stop", "full_name": "Chatham Rail Replacement Bus Stop", "is_interchange": false, "mode": "Metro Train"}}, {"type": "Feature", "geometry": {"type": "Point", "coordinates": [145.11628617, -38.0521846]}, "properties": {"stop_id": "26137", "stop_name": "Chelsea Rail Replacement Bus Stop", "full_name": "Chelsea Rail Replacement Bus Stop", "is_interchange": false, "mode": "Metro Train"}}, {"type": "Feature", "geometry": {"type": "Point", "coordinates": [145.05513694, -37.96800221]}, "properties": {"stop_id": "26138", "stop_name": "Cheltenham Rail Replacement Bus Stop", "full_name": "Cheltenham Rail Replacement Bus Stop", "is_interchange": false, "mode": "Metro Train"}}, {"type": "Feature", "geometry": {"type": "Point", "coordinates": [145.1211573, -37.92479163]}, "properties": {"stop_id": "26139", "stop_name": "Clayton Rail Replacement Bus Stop", "full_name": "Clayton Rail Replacement Bus Stop", "is_interchange": false, "mode": "Metro Train"}}, {"type": "Feature", "geometry": {"type": "Point", "coordinates": [144.99503289, -37.78899337]}, "properties": {"stop_id": "26140", "stop_name": "Clifton Hill Rail Replacement Bus Stop", "full_name": "Clifton Hill Rail Replacement Bus Stop", "is_interchange": false, "mode": "Metro Train"}}, {"type": "Feature", "geometry": {"type": "Point", "coordinates": [144.96637925, -37.74311853]}, "properties": {"stop_id": "26141", "stop_name": "Coburg Rail Replacement Bus Stop", "full_name": "Coburg Rail Replacement Bus Stop", "is_interchange": false, "mode": "Metro Train"}}, {"type": "Feature", "geometry": {"type": "Point", "coordinates": [144.99239673, -37.80457496]}, "properties": {"stop_id": "26142", "stop_name": "Collingwood Rail Replacement Bus Stop", "full_name": "Collingwood Rail Replacement Bus Stop", "is_interchange": false, "mode": "Metro Train"}}, {"type": "Feature", "geometry": {"type": "Point", "coordinates": [144.92502195, -37.66066893]}, "properties": {"stop_id": "26143", "stop_name": "Coolaroo Rail Replacement Bus Stop", "full_name": "Coolaroo Rail Replacement Bus Stop", "is_interchange": false, "mode": "Metro Train"}}, {"type": "Feature", "geometry": {"type": "Point", "coordinates": [144.94247408, -37.60210856]}, "properties": {"stop_id": "26144", "stop_name": "Craigieburn Rail Replacement Bus Stop", "full_name": "Craigieburn Rail Replacement Bus Stop", "is_interchange": false, "mode": "Metro Train"}}, {"type": "Feature", "geometry": {"type": "Point", "coordinates": [145.28117279, -38.10035676]}, "properties": {"stop_id": "26145", "stop_name": "Cranbourne Rail Replacement Bus Stop", "full_name": "Cranbourne Rail Replacement Bus Stop", "is_interchange": false, "mode": "Metro Train"}}, {"type": "Feature", "geometry": {"type": "Point", "coordinates": [145.2046092, -38.3654562]}, "properties": {"stop_id": "26146", "stop_name": "Crib Point Rail Replacement Bus Stop", "full_name": "Crib Point Rail Replacement Bus Stop", "is_interchange": false, "mode": "Metro Train"}}, {"type": "Feature", "geometry": {"type": "Point", "coordinates": [144.9995158, -37.76550359]}, "properties": {"stop_id": "26147", "stop_name": "Croxton Rail Replacement Bus Stop", "full_name": "Croxton Rail Replacement Bus Stop", "is_interchange": false, "mode": "Metro Train"}}, {"type": "Feature", "geometry": {"type": "Point", "coordinates": [145.28028434, -37.7957298]}, "properties": {"stop_id": "26148", "stop_name": "Croydon Rail Replacement Bus Stop", "full_name": "Croydon Rail Replacement Bus Stop", "is_interchange": false, "mode": "Metro Train"}}, {"type": "Feature", "geometry": {"type": "Point", "coordinates": [145.20997075, -37.99064754]}, "properties": {"stop_id": "26149", "stop_name": "Dandenong Rail Replacement Bus Stop", "full_name": "Dandenong Rail Replacement Bus Stop", "is_interchange": false, "mode": "Metro Train"}}, {"type": "Feature", "geometry": {"type": "Point", "coordinates": [145.03950425, -37.77471918]}, "properties": {"stop_id": "26150", "stop_name": "Darebin Rail Replacement Bus Stop", "full_name": "Darebin Rail Replacement Bus Stop", "is_interchange": false, "mode": "Metro Train"}}, {"type": "Feature", "geometry": {"type": "Point", "coordinates": [145.06038347, -37.86888753]}, "properties": {"stop_id": "26151", "stop_name": "Darling Rail Replacement Bus Stop", "full_name": "Darling Rail Replacement Bus Stop", "is_interchange": false, "mode": "Metro Train"}}, {"type": "Feature", "geometry": {"type": "Point", "coordinates": [145.01016782, -37.77976056]}, "properties": {"stop_id": "26152", "stop_name": "Dennis Rail Replacement Bus Stop", "full_name": "Dennis Rail Replacement Bus Stop", "is_interchange": false, "mode": "Metro Train"}}, {"type": "Feature", "geometry": {"type": "Point", "coordinates": [145.15947797, -37.67434902]}, "properties": {"stop_id": "26153", "stop_name": "Diamond Creek Rail Replacement Bus Stop", "full_name": "Diamond Creek Rail Replacement Bus Stop", "is_interchange": false, "mode": "Metro Train"}}, {"type": "Feature", "geometry": {"type": "Point", "coordinates": [144.72069556, -37.62767129]}, "properties": {"stop_id": "26154", "stop_name": "Diggers Rest Rail Replacement Bus Stop", "full_name": "Diggers Rest Rail Replacement Bus Stop", "is_interchange": false, "mode": "Metro Train"}}, {"type": "Feature", "geometry": {"type": "Point", "coordinates": [145.05352002, -37.76368669]}, "properties": {"stop_id": "26155", "stop_name": "Eaglemont Rail Replacement Bus Stop", "full_name": "Eaglemont Rail Replacement Bus Stop", "is_interchange": false, "mode": "Metro Train"}}, {"type": "Feature", "geometry": {"type": "Point", "coordinates": [145.06512132, -37.82551036]}, "properties": {"stop_id": "26156", "stop_name": "East Camberwell Rail Replacement Bus Stop", "full_name": "East Camberwell Rail Replacement Bus Stop", "is_interchange": false, "mode": "Metro Train"}}, {"type": "Feature", "geometry": {"type": "Point", "coordinates": [145.07000245, -37.87971565]}, "properties": {"stop_id": "26157", "stop_name": "East Malvern Rail Replacement Bus Stop", "full_name": "East Malvern Rail Replacement Bus Stop", "is_interchange": false, "mode": "Metro Train"}}, {"type": "Feature", "geometry": {"type": "Point", "coordinates": [145.50952273, -38.08460477]}, "properties": {"stop_id": "26158", "stop_name": "East Pakenham Rail Replacement Bus Stop", "full_name": "East Pakenham Rail Replacement Bus Stop", "is_interchange": false, "mode": "Metro Train"}}, {"type": "Feature", "geometry": {"type": "Point", "coordinates": [144.99813959, -37.82576035]}, "properties": {"stop_id": "26159", "stop_name": "East Richmond Rail Replacement Bus Stop", "full_name": "East Richmond Rail Replacement Bus Stop", "is_interchange": false, "mode": "Metro Train"}}, {"type": "Feature", "geometry": {"type": "Point", "coordinates": [145.1084193, -38.03770269]}, "properties": {"stop_id": "26160", "stop_name": "Edithvale Rail Replacement Bus Stop", "full_name": "Edithvale Rail Replacement Bus Stop", "is_interchange": false, "mode": "Metro Train"}}, {"type": "Feature", "geometry": {"type": "Point", "coordinates": [145.00030826, -37.88511257]}, "properties": {"stop_id": "26161", "stop_name": "Elsternwick Rail Replacement Bus Stop", "full_name": "Elsternwick Rail Replacement Bus Stop", "is_interchange": false, "mode": "Metro Train"}}, {"type": "Feature", "geometry": {"type": "Point", "coordinates": [145.14823923, -37.71319574]}, "properties": {"stop_id": "26162", "stop_name": "Eltham Rail Replacement Bus Stop", "full_name": "Eltham Rail Replacement Bus Stop", "is_interchange": false, "mode": "Metro Train"}}, {"type": "Feature", "geometry": {"type": "Point", "coordinates": [145.03078, -37.65235308]}, "properties": {"stop_id": "26163", "stop_name": "Epping Rail Replacement Bus Stop", "full_name": "Epping Rail Replacement Bus Stop", "is_interchange": false, "mode": "Metro Train"}}, {"type": "Feature", "geometry": {"type": "Point", "coordinates": [144.9167017, -37.75624591]}, "properties": {"stop_id": "26164", "stop_name": "Essendon Rail Replacement Bus Stop", "full_name": "Essendon Rail Replacement Bus Stop", "is_interchange": false, "mode": "Metro Train"}}, {"type": "Feature", "geometry": {"type": "Point", "coordinates": [145.01761544, -37.77893989]}, "properties": {"stop_id": "26165", "stop_name": "Fairfield Rail Replacement Bus Stop", "full_name": "Fairfield Rail Replacement Bus Stop", "is_interchange": false, "mode": "Metro Train"}}, {"type": "Feature", "geometry": {"type": "Point", "coordinates": [144.96237083, -37.71464386]}, "properties": {"stop_id": "26166", "stop_name": "Fawkner Rail Replacement Bus Stop", "full_name": "Fawkner Rail Replacement Bus Stop", "is_interchange": false, "mode": "Metro Train"}}, {"type": "Feature", "geometry": {"type": "Point", "coordinates": [145.29447459, -37.88184896]}, "properties": {"stop_id": "26167", "stop_name": "Ferntree Gully Rail Replacement Bus Stop", "full_name": "Ferntree Gully Rail Replacement Bus Stop", "is_interchange": false, "mode": "Metro Train"}}, {"type": "Feature", "geometry": {"type": "Point", "coordinates": [144.9560924, -37.81172758]}, "properties": {"stop_id": "26168", "stop_name": "Flagstaff Rail Replacement Bus Stop", "full_name": "Flagstaff Rail Replacement Bus Stop", "is_interchange": false, "mode": "Metro Train"}}, {"type": "Feature", "geometry": {"type": "Point", "coordinates": [144.93940726, -37.78920481]}, "properties": {"stop_id": "26169", "stop_name": "Flemington Bridge Rail Replacement Bus Stop", "full_name": "Flemington Bridge Rail Replacement Bus Stop", "is_interchange": false, "mode": "Metro Train"}}, {"type": "Feature", "geometry": {"type": "Point", "coordinates": [144.96591676, -37.81798064]}, "properties": {"stop_id": "26170", "stop_name": "Flinders Street Rail Replacement Bus Stop", "full_name": "Flinders Street Rail Replacement Bus Stop", "is_interchange": false, "mode": "Metro Train"}}, {"type": "Feature", "geometry": {"type": "Point", "coordinates": [144.901341, -37.80132924]}, "properties": {"stop_id": "26171", "stop_name": "Footscray Rail Replacement Bus Stop", "full_name": "Footscray Rail Replacement Bus Stop", "is_interchange": false, "mode": "Metro Train"}}, {"type": "Feature", "geometry": {"type": "Point", "coordinates": [145.12665884, -38.14320526]}, "properties": {"stop_id": "26172", "stop_name": "Frankston Rail Replacement Bus Stop", "full_name": "Frankston Rail Replacement Bus Stop", "is_interchange": false, "mode": "Metro Train"}}, {"type": "Feature", "geometry": {"type": "Point", "coordinates": [145.00411657, -37.89735205]}, "properties": {"stop_id": "26173", "stop_name": "Gardenvale Rail Replacement Bus Stop", "full_name": "Gardenvale Rail Replacement Bus Stop", "is_interchange": false, "mode": "Metro Train"}}, {"type": "Feature", "geometry": {"type": "Point", "coordinates": [145.05135188, -37.85441857]}, "properties": {"stop_id": "26174", "stop_name": "Gardiner Rail Replacement Bus Stop", "full_name": "Gardiner Rail Replacement Bus Stop", "is_interchange": false, "mode": "Metro Train"}}, {"type": "Feature", "geometry": {"type": "Point", "coordinates": [144.8119502, -37.76005122]}, "properties": {"stop_id": "26175", "stop_name": "Ginifer Rail Replacement Bus Stop", "full_name": "Ginifer Rail Replacement Bus Stop", "is_interchange": false, "mode": "Metro Train"}}, {"type": "Feature", "geometry": {"type": "Point", "coordinates": [145.05728593, -37.86043742]}, "properties": {"stop_id": "26176", "stop_name": "Glen Iris Rail Replacement Bus Stop", "full_name": "Glen Iris Rail Replacement Bus Stop", "is_interchange": false, "mode": "Metro Train"}}, {"type": "Feature", "geometry": {"type": "Point", "coordinates": [145.16313744, -37.87997153]}, "properties": {"stop_id": "26177", "stop_name": "Glen Waverley Rail Replacement Bus Stop", "full_name": "Glen Waverley Rail Replacement Bus Stop", "is_interchange": false, "mode": "Metro Train"}}, {"type": "Feature", "geometry": {"type": "Point", "coordinates": [144.92037049, -37.74804693]}, "properties": {"stop_id": "26178", "stop_name": "Glenbervie Rail Replacement Bus Stop", "full_name": "Glenbervie Rail Replacement Bus Stop", "is_interchange": false, "mode": "Metro Train"}}, {"type": "Feature", "geometry": {"type": "Point", "coordinates": [145.03583833, -37.82269143]}, "properties": {"stop_id": "26179", "stop_name": "Glenferrie Rail Replacement Bus Stop", "full_name": "Glenferrie Rail Replacement Bus Stop", "is_interchange": false, "mode": "Metro Train"}}, {"type": "Feature", "geometry": {"type": "Point", "coordinates": [145.04501029, -37.89052279]}, "properties": {"stop_id": "26180", "stop_name": "Glen Huntly Rail Replacement Bus Stop", "full_name": "Glen Huntly Rail Replacement Bus Stop", "is_interchange": false, "mode": "Metro Train"}}, {"type": "Feature", "geometry": {"type": "Point", "coordinates": [144.91577356, -37.70435755]}, "properties": {"stop_id": "26181", "stop_name": "Glenroy Rail Replacement Bus Stop", "full_name": "Glenroy Rail Replacement Bus Stop", "is_interchange": false, "mode": "Metro Train"}}, {"type": "Feature", "geometry": {"type": "Point", "coordinates": [144.96008071, -37.70052766]}, "properties": {"stop_id": "26182", "stop_name": "Gowrie Rail Replacement Bus Stop", "full_name": "Gowrie Rail Replacement Bus Stop", "is_interchange": false, "mode": "Metro Train"}}, {"type": "Feature", "geometry": {"type": "Point", "coordinates": [145.10689015, -37.70335551]}, "properties": {"stop_id": "26183", "stop_name": "Greensborough Rail Replacement Bus Stop", "full_name": "Greensborough Rail Replacement Bus Stop", "is_interchange": false, "mode": "Metro Train"}}, {"type": "Feature", "geometry": {"type": "Point", "coordinates": [145.27071412, -38.01808761]}, "properties": {"stop_id": "26184", "stop_name": "Hallam Rail Replacement Bus Stop", "full_name": "Hallam Rail Replacement Bus Stop", "is_interchange": false, "mode": "Metro Train"}}, {"type": "Feature", "geometry": {"type": "Point", "coordinates": [145.00223899, -37.93859365]}, "properties": {"stop_id": "26185", "stop_name": "Hampton Rail Replacement Bus Stop", "full_name": "Hampton Rail Replacement Bus Stop", "is_interchange": false, "mode": "Metro Train"}}, {"type": "Feature", "geometry": {"type": "Point", "coordinates": [145.07660865, -37.84472266]}, "properties": {"stop_id": "26186", "stop_name": "Hartwell Rail Replacement Bus Stop", "full_name": "Hartwell Rail Replacement Bus Stop", "is_interchange": false, "mode": "Metro Train"}}, {"type": "Feature", "geometry": {"type": "Point", "coordinates": [145.18686771, -38.30766377]}, "properties": {"stop_id": "26187", "stop_name": "Hastings Rail Replacement Bus Stop", "full_name": "Hastings Rail Replacement Bus Stop", "is_interchange": false, "mode": "Metro Train"}}, {"type": "Feature", "geometry": {"type": "Point", "coordinates": [145.00369138, -37.84529304]}, "properties": {"stop_id": "26188", "stop_name": "Hawksburn Rail Replacement Bus Stop", "full_name": "Hawksburn Rail Replacement Bus Stop", "is_interchange": false, "mode": "Metro Train"}}, {"type": "Feature", "geometry": {"type": "Point", "coordinates": [145.0968986, -37.62340108]}, "properties": {"stop_id": "26189", "stop_name": "Hawkstowe Rail Replacement Bus Stop", "full_name": "Hawkstowe Rail Replacement Bus Stop", "is_interchange": false, "mode": "Metro Train"}}, {"type": "Feature", "geometry": {"type": "Point", "coordinates": [145.02378794, -37.8212822]}, "properties": {"stop_id": "26190", "stop_name": "Hawthorn Rail Replacement Bus Stop", "full_name": "Hawthorn Rail Replacement Bus Stop", "is_interchange": false, "mode": "Metro Train"}}, {"type": "Feature", "geometry": {"type": "Point", "coordinates": [145.21134213, -37.81710706]}, "properties": {"stop_id": "26191", "stop_name": "Heatherdale Rail Replacement Bus Stop", "full_name": "Heatherdale Rail Replacement Bus Stop", "is_interchange": false, "mode": "Metro Train"}}, {"type": "Feature", "geometry": {"type": "Point", "coordinates": [145.24408397, -37.82903621]}, "properties": {"stop_id": "26192", "stop_name": "Heathmont Rail Replacement Bus Stop", "full_name": "Heathmont Rail Replacement Bus Stop", "is_interchange": false, "mode": "Metro Train"}}, {"type": "Feature", "geometry": {"type": "Point", "coordinates": [145.06148733, -37.75723032]}, "properties": {"stop_id": "26193", "stop_name": "Heidelberg Rail Replacement Bus Stop", "full_name": "Heidelberg Rail Replacement Bus Stop", "is_interchange": false, "mode": "Metro Train"}}, {"type": "Feature", "geometry": {"type": "Point", "coordinates": [145.02214352, -37.83479035]}, "properties": {"stop_id": "26194", "stop_name": "Heyington Rail Replacement Bus Stop", "full_name": "Heyington Rail Replacement Bus Stop", "is_interchange": false, "mode": "Metro Train"}}, {"type": "Feature", "geometry": {"type": "Point", "coordinates": [145.04092071, -37.9486705]}, "properties": {"stop_id": "26195", "stop_name": "Highett Rail Replacement Bus Stop", "full_name": "Highett Rail Replacement Bus Stop", "is_interchange": false, "mode": "Metro Train"}}, {"type": "Feature", "geometry": {"type": "Point", "coordinates": [145.09155698, -37.87496646]}, "properties": {"stop_id": "26196", "stop_name": "Holmesglen Rail Replacement Bus Stop", "full_name": "Holmesglen Rail Replacement Bus Stop", "is_interchange": false, "mode": "Metro Train"}}, {"type": "Feature", "geometry": {"type": "Point", "coordinates": [144.70072024, -37.88314544]}, "properties": {"stop_id": "26197", "stop_name": "Hoppers Crossing Rail Replacement Bus Stop", "full_name": "Hoppers Crossing Rail Replacement Bus Stop", "is_interchange": false, "mode": "Metro Train"}}, {"type": "Feature", "geometry": {"type": "Point", "coordinates": [145.07669196, -37.89441529]}, "properties": {"stop_id": "26198", "stop_name": "Hughesdale Rail Replacement Bus Stop", "full_name": "Hughesdale Rail Replacement Bus Stop", "is_interchange": false, "mode": "Metro Train"}}, {"type": "Feature", "geometry": {"type": "Point", "coordinates": [145.10340965, -37.91106123]}, "properties": {"stop_id": "26199", "stop_name": "Huntingdale Rail Replacement Bus Stop", "full_name": "Huntingdale Rail Replacement Bus Stop", "is_interchange": false, "mode": "Metro Train"}}, {"type": "Feature", "geometry": {"type": "Point", "coordinates": [145.19224041, -37.63952777]}, "properties": {"stop_id": "26200", "stop_name": "Hurstbridge Rail Replacement Bus Stop", "full_name": "Hurstbridge Rail Replacement Bus Stop", "is_interchange": false, "mode": "Metro Train"}}, {"type": "Feature", "geometry": {"type": "Point", "coordinates": [145.04482139, -37.76897684]}, "properties": {"stop_id": "26201", "stop_name": "Ivanhoe Rail Replacement Bus Stop", "full_name": "Ivanhoe Rail Replacement Bus Stop", "is_interchange": false, "mode": "Metro Train"}}, {"type": "Feature", "geometry": {"type": "Point", "coordinates": [144.91616314, -37.694902]}, "properties": {"stop_id": "26202", "stop_name": "Jacana Rail Replacement Bus Stop", "full_name": "Jacana Rail Replacement Bus Stop", "is_interchange": false, "mode": "Metro Train"}}, {"type": "Feature", "geometry": {"type": "Point", "coordinates": [144.96091946, -37.77457458]}, "properties": {"stop_id": "26203", "stop_name": "Jewell Rail Replacement Bus Stop", "full_name": "Jewell Rail Replacement Bus Stop", "is_interchange": false, "mode": "Metro Train"}}, {"type": "Feature", "geometry": {"type": "Point", "coordinates": [144.98320844, -37.81625044]}, "properties": {"stop_id": "26204", "stop_name": "Jolimont-MCG Rail Replacement Bus Stop", "full_name": "Jolimont-MCG Rail Replacement Bus Stop", "is_interchange": false, "mode": "Metro Train"}}, {"type": "Feature", "geometry": {"type": "Point", "coordinates": [145.11273457, -37.87419049]}, "properties": {"stop_id": "26205", "stop_name": "Jordanville Rail Replacement Bus Stop", "full_name": "Jordanville Rail Replacement Bus Stop", "is_interchange": false, "mode": "Metro Train"}}, {"type": "Feature", "geometry": {"type": "Point", "coordinates": [145.13511433, -38.12123451]}, "properties": {"stop_id": "26206", "stop_name": "Kananook Rail Replacement Bus Stop", "full_name": "Kananook Rail Replacement Bus Stop", "is_interchange": false, "mode": "Metro Train"}}, {"type": "Feature", "geometry": {"type": "Point", "coordinates": [144.79449459, -37.73016763]}, "properties": {"stop_id": "26207", "stop_name": "Keilor Plains Rail Replacement Bus Stop", "full_name": "Keilor Plains Rail Replacement Bus Stop", "is_interchange": false, "mode": "Metro Train"}}, {"type": "Feature", "geometry": {"type": "Point", "coordinates": [144.93104686, -37.79418592]}, "properties": {"stop_id": "26208", "stop_name": "Kensington Rail Replacement Bus Stop", "full_name": "Kensington Rail Replacement Bus Stop", "is_interchange": false, "mode": "Metro Train"}}, {"type": "Feature", "geometry": {"type": "Point", "coordinates": [145.01172527, -37.69358775]}, "properties": {"stop_id": "26209", "stop_name": "Keon Park Rail Replacement Bus Stop", "full_name": "Keon Park Rail Replacement Bus Stop", "is_interchange": false, "mode": "Metro Train"}}, {"type": "Feature", "geometry": {"type": "Point", "coordinates": [145.03194621, -37.84389435]}, "properties": {"stop_id": "26210", "stop_name": "Kooyong Rail Replacement Bus Stop", "full_name": "Kooyong Rail Replacement Bus Stop", "is_interchange": false, "mode": "Metro Train"}}, {"type": "Feature", "geometry": {"type": "Point", "coordinates": [145.13950609, -37.81957175]}, "properties": {"stop_id": "26211", "stop_name": "Laburnum Rail Replacement Bus Stop", "full_name": "Laburnum Rail Replacement Bus Stop", "is_interchange": false, "mode": "Metro Train"}}, {"type": "Feature", "geometry": {"type": "Point", "coordinates": [145.01692833, -37.66515237]}, "properties": {"stop_id": "26212", "stop_name": "Lalor Rail Replacement Bus Stop", "full_name": "Lalor Rail Replacement Bus Stop", "is_interchange": false, "mode": "Metro Train"}}, {"type": "Feature", "geometry": {"type": "Point", "coordinates": [144.77177811, -37.86436303]}, "properties": {"stop_id": "26213", "stop_name": "Laverton Rail Replacement Bus Stop", "full_name": "Laverton Rail Replacement Bus Stop", "is_interchange": false, "mode": "Metro Train"}}, {"type": "Feature", "geometry": {"type": "Point", "coordinates": [145.13923485, -38.15212838]}, "properties": {"stop_id": "26214", "stop_name": "Leawarra Rail Replacement Bus Stop", "full_name": "Leawarra Rail Replacement Bus Stop", "is_interchange": false, "mode": "Metro Train"}}, {"type": "Feature", "geometry": {"type": "Point", "coordinates": [145.34617646, -37.75710946]}, "properties": {"stop_id": "26215", "stop_name": "Lilydale Rail Replacement Bus Stop", "full_name": "Lilydale Rail Replacement Bus Stop", "is_interchange": false, "mode": "Metro Train"}}, {"type": "Feature", "geometry": {"type": "Point", "coordinates": [145.25075934, -38.05866999]}, "properties": {"stop_id": "26216", "stop_name": "Lynbrook Rail Replacement Bus Stop", "full_name": "Lynbrook Rail Replacement Bus Stop", "is_interchange": false, "mode": "Metro Train"}}, {"type": "Feature", "geometry": {"type": "Point", "coordinates": [144.93651809, -37.79509296]}, "properties": {"stop_id": "26217", "stop_name": "Macaulay Rail Replacement Bus Stop", "full_name": "Macaulay Rail Replacement Bus Stop", "is_interchange": false, "mode": "Metro Train"}}, {"type": "Feature", "geometry": {"type": "Point", "coordinates": [145.06952635, -37.72611771]}, "properties": {"stop_id": "26218", "stop_name": "Macleod Rail Replacement Bus Stop", "full_name": "Macleod Rail Replacement Bus Stop", "is_interchange": false, "mode": "Metro Train"}}, {"type": "Feature", "geometry": {"type": "Point", "coordinates": [145.02817737, -37.8667753]}, "properties": {"stop_id": "26219", "stop_name": "Malvern Rail Replacement Bus Stop", "full_name": "Malvern Rail Replacement Bus Stop", "is_interchange": false, "mode": "Metro Train"}}, {"type": "Feature", "geometry": {"type": "Point", "coordinates": [145.03873413, -37.91105525]}, "properties": {"stop_id": "26220", "stop_name": "McKinnon Rail Replacement Bus Stop", "full_name": "McKinnon Rail Replacement Bus Stop", "is_interchange": false, "mode": "Metro Train"}}, {"type": "Feature", "geometry": {"type": "Point", "coordinates": [144.96185726, -37.81027748]}, "properties": {"stop_id": "26221", "stop_name": "Melbourne Central Rail Replacement Bus Stop", "full_name": "Melbourne Central Rail Replacement Bus Stop", "is_interchange": false, "mode": "Metro Train"}}, {"type": "Feature", "geometry": {"type": "Point", "coordinates": [145.06436498, -37.98158187]}, "properties": {"stop_id": "26222", "stop_name": "Mentone Rail Replacement Bus Stop", "full_name": "Mentone Rail Replacement Bus Stop", "is_interchange": false, "mode": "Metro Train"}}, {"type": "Feature", "geometry": {"type": "Point", "coordinates": [145.26432993, -38.07958031]}, "properties": {"stop_id": "26223", "stop_name": "Merinda Park Rail Replacement Bus Stop", "full_name": "Merinda Park Rail Replacement Bus Stop", "is_interchange": false, "mode": "Metro Train"}}, {"type": "Feature", "geometry": {"type": "Point", "coordinates": [144.96347351, -37.72201662]}, "properties": {"stop_id": "26224", "stop_name": "Merlynston Rail Replacement Bus Stop", "full_name": "Merlynston Rail Replacement Bus Stop", "is_interchange": false, "mode": "Metro Train"}}, {"type": "Feature", "geometry": {"type": "Point", "coordinates": [145.10142367, -37.6027459]}, "properties": {"stop_id": "26225", "stop_name": "Mernda Rail Replacement Bus Stop", "full_name": "Mernda Rail Replacement Bus Stop", "is_interchange": false, "mode": "Metro Train"}}, {"type": "Feature", "geometry": {"type": "Point", "coordinates": [144.99249204, -37.77755912]}, "properties": {"stop_id": "26226", "stop_name": "Merri Rail Replacement Bus Stop", "full_name": "Merri Rail Replacement Bus Stop", "is_interchange": false, "mode": "Metro Train"}}, {"type": "Feature", "geometry": {"type": "Point", "coordinates": [144.996955, -37.91569529]}, "properties": {"stop_id": "26227", "stop_name": "Middle Brighton Rail Replacement Bus Stop", "full_name": "Middle Brighton Rail Replacement Bus Stop", "is_interchange": false, "mode": "Metro Train"}}, {"type": "Feature", "geometry": {"type": "Point", "coordinates": [144.89123198, -37.80295999]}, "properties": {"stop_id": "26228", "stop_name": "Middle Footscray Rail Replacement Bus Stop", "full_name": "Middle Footscray Rail Replacement Bus Stop", "is_interchange": false, "mode": "Metro Train"}}, {"type": "Feature", "geometry": {"type": "Point", "coordinates": [145.09272521, -37.64393552]}, "properties": {"stop_id": "26229", "stop_name": "Middle Gorge Rail Replacement Bus Stop", "full_name": "Middle Gorge Rail Replacement Bus Stop", "is_interchange": false, "mode": "Metro Train"}}, {"type": "Feature", "geometry": {"type": "Point", "coordinates": [145.19434235, -37.81636998]}, "properties": {"stop_id": "26230", "stop_name": "Mitcham Rail Replacement Bus Stop", "full_name": "Mitcham Rail Replacement Bus Stop", "is_interchange": false, "mode": "Metro Train"}}, {"type": "Feature", "geometry": {"type": "Point", "coordinates": [145.12170985, -37.71569587]}, "properties": {"stop_id": "26231", "stop_name": "Montmorency Rail Replacement Bus Stop", "full_name": "Montmorency Rail Replacement Bus Stop", "is_interchange": false, "mode": "Metro Train"}}, {"type": "Feature", "geometry": {"type": "Point", "coordinates": [144.91941511, -37.76553993]}, "properties": {"stop_id": "26232", "stop_name": "Moonee Ponds Rail Replacement Bus Stop", "full_name": "Moonee Ponds Rail Replacement Bus Stop", "is_interchange": false, "mode": "Metro Train"}}, {"type": "Feature", "geometry": {"type": "Point", "coordinates": [145.03685056, -37.93526534]}, "properties": {"stop_id": "26233", "stop_name": "Moorabbin Rail Replacement Bus Stop", "full_name": "Moorabbin Rail Replacement Bus Stop", "is_interchange": false, "mode": "Metro Train"}}, {"type": "Feature", "geometry": {"type": "Point", "coordinates": [145.31305568, -37.78498349]}, "properties": {"stop_id": "26234", "stop_name": "Mooroolbark Rail Replacement Bus Stop", "full_name": "Mooroolbark Rail Replacement Bus Stop", "is_interchange": false, "mode": "Metro Train"}}, {"type": "Feature", "geometry": {"type": "Point", "coordinates": [145.08758771, -38.00583382]}, "properties": {"stop_id": "26235", "stop_name": "Mordialloc Rail Replacement Bus Stop", "full_name": "Mordialloc Rail Replacement Bus Stop", "is_interchange": false, "mode": "Metro Train"}}, {"type": "Feature", "geometry": {"type": "Point", "coordinates": [144.96426414, -37.75528404]}, "properties": {"stop_id": "26236", "stop_name": "Moreland Rail Replacement Bus Stop", "full_name": "Moreland Rail Replacement Bus Stop", "is_interchange": false, "mode": "Metro Train"}}, {"type": "Feature", "geometry": {"type": "Point", "coordinates": [145.19016369, -38.35355539]}, "properties": {"stop_id": "26237", "stop_name": "Morradoo Rail Replacement Bus Stop", "full_name": "Morradoo Rail Replacement Bus Stop", "is_interchange": false, "mode": "Metro Train"}}, {"type": "Feature", "geometry": {"type": "Point", "coordinates": [145.12907844, -37.87617271]}, "properties": {"stop_id": "26238", "stop_name": "Mount Waverley Rail Replacement Bus Stop", "full_name": "Mount Waverley Rail Replacement Bus Stop", "is_interchange": false, "mode": "Metro Train"}}, {"type": "Feature", "geometry": {"type": "Point", "coordinates": [145.06692369, -37.88962316]}, "properties": {"stop_id": "26239", "stop_name": "Murrumbeena Rail Replacement Bus Stop", "full_name": "Murrumbeena Rail Replacement Bus Stop", "is_interchange": false, "mode": "Metro Train"}}, {"type": "Feature", "geometry": {"type": "Point", "coordinates": [145.30321467, -38.02694229]}, "properties": {"stop_id": "26240", "stop_name": "Narre Warren Rail Replacement Bus Stop", "full_name": "Narre Warren Rail Replacement Bus Stop", "is_interchange": false, "mode": "Metro Train"}}, {"type": "Feature", "geometry": {"type": "Point", "coordinates": [144.92804279, -37.78789698]}, "properties": {"stop_id": "26241", "stop_name": "Newmarket Rail Replacement Bus Stop", "full_name": "Newmarket Rail Replacement Bus Stop", "is_interchange": false, "mode": "Metro Train"}}, {"type": "Feature", "geometry": {"type": "Point", "coordinates": [144.88254956, -37.84249141]}, "properties": {"stop_id": "26242", "stop_name": "Newport Rail Replacement Bus Stop", "full_name": "Newport Rail Replacement Bus Stop", "is_interchange": false, "mode": "Metro Train"}}, {"type": "Feature", "geometry": {"type": "Point", "coordinates": [145.17621817, -37.96632864]}, "properties": {"stop_id": "26243", "stop_name": "Noble Park Rail Replacement Bus Stop", "full_name": "Noble Park Rail Replacement Bus Stop", "is_interchange": false, "mode": "Metro Train"}}, {"type": "Feature", "geometry": {"type": "Point", "coordinates": [145.00145789, -37.90566977]}, "properties": {"stop_id": "26244", "stop_name": "North Brighton Rail Replacement Bus Stop", "full_name": "North Brighton Rail Replacement Bus Stop", "is_interchange": false, "mode": "Metro Train"}}, {"type": "Feature", "geometry": {"type": "Point", "coordinates": [144.94270106, -37.80678123]}, "properties": {"stop_id": "26245", "stop_name": "North Melbourne Rail Replacement Bus Stop", "full_name": "North Melbourne Rail Replacement Bus Stop", "is_interchange": false, "mode": "Metro Train"}}, {"type": "Feature", "geometry": {"type": "Point", "coordinates": [144.99139798, -37.81041561]}, "properties": {"stop_id": "26246", "stop_name": "North Richmond Rail Replacement Bus Stop", "full_name": "North Richmond Rail Replacement Bus Stop", "is_interchange": false, "mode": "Metro Train"}}, {"type": "Feature", "geometry": {"type": "Point", "coordinates": [144.8905649, -37.85750447]}, "properties": {"stop_id": "26247", "stop_name": "North Williamstown Rail Replacement Bus Stop", "full_name": "North Williamstown Rail Replacement Bus Stop", "is_interchange": false, "mode": "Metro Train"}}, {"type": "Feature", "geometry": {"type": "Point", "coordinates": [144.99617407, -37.7690245]}, "properties": {"stop_id": "26248", "stop_name": "Northcote Rail Replacement Bus Stop", "full_name": "Northcote Rail Replacement Bus Stop", "is_interchange": false, "mode": "Metro Train"}}, {"type": "Feature", "geometry": {"type": "Point", "coordinates": [145.17586323, -37.82036589]}, "properties": {"stop_id": "26249", "stop_name": "Nunawading Rail Replacement Bus Stop", "full_name": "Nunawading Rail Replacement Bus Stop", "is_interchange": false, "mode": "Metro Train"}}, {"type": "Feature", "geometry": {"type": "Point", "coordinates": [144.91989804, -37.7178941]}, "properties": {"stop_id": "26250", "stop_name": "Oak Park Rail Replacement Bus Stop", "full_name": "Oak Park Rail Replacement Bus Stop", "is_interchange": false, "mode": "Metro Train"}}, {"type": "Feature", "geometry": {"type": "Point", "coordinates": [145.08786195, -37.90046403]}, "properties": {"stop_id": "26251", "stop_name": "Oakleigh Rail Replacement Bus Stop", "full_name": "Oakleigh Rail Replacement Bus Stop", "is_interchange": false, "mode": "Metro Train"}}, {"type": "Feature", "geometry": {"type": "Point", "coordinates": [145.41374686, -38.06662459]}, "properties": {"stop_id": "26252", "stop_name": "Officer Rail Replacement Bus Stop", "full_name": "Officer Rail Replacement Bus Stop", "is_interchange": false, "mode": "Metro Train"}}, {"type": "Feature", "geometry": {"type": "Point", "coordinates": [145.03988748, -37.90402729]}, "properties": {"stop_id": "26253", "stop_name": "Ormond Rail Replacement Bus Stop", "full_name": "Ormond Rail Replacement Bus Stop", "is_interchange": false, "mode": "Metro Train"}}, {"type": "Feature", "geometry": {"type": "Point", "coordinates": [145.48503364, -38.08006493]}, "properties": {"stop_id": "26254", "stop_name": "Pakenham Rail Replacement Bus Stop", "full_name": "Pakenham Rail Replacement Bus Stop", "is_interchange": false, "mode": "Metro Train"}}, {"type": "Feature", "geometry": {"type": "Point", "coordinates": [145.07672262, -37.99318442]}, "properties": {"stop_id": "26255", "stop_name": "Parkdale Rail Replacement Bus Stop", "full_name": "Parkdale Rail Replacement Bus Stop", "is_interchange": false, "mode": "Metro Train"}}, {"type": "Feature", "geometry": {"type": "Point", "coordinates": [144.97357051, -37.81268753]}, "properties": {"stop_id": "26256", "stop_name": "Parliament Rail Replacement Bus Stop", "full_name": "Parliament Rail Replacement Bus Stop", "is_interchange": false, "mode": "Metro Train"}}, {"type": "Feature", "geometry": {"type": "Point", "coordinates": [144.92818064, -37.72966526]}, "properties": {"stop_id": "26257", "stop_name": "Pascoe Vale Rail Replacement Bus Stop", "full_name": "Pascoe Vale Rail Replacement Bus Stop", "is_interchange": false, "mode": "Metro Train"}}, {"type": "Feature", "geometry": {"type": "Point", "coordinates": [145.04065212, -37.92450567]}, "properties": {"stop_id": "26258", "stop_name": "Patterson Rail Replacement Bus Stop", "full_name": "Patterson Rail Replacement Bus Stop", "is_interchange": false, "mode": "Metro Train"}}, {"type": "Feature", "geometry": {"type": "Point", "coordinates": [144.98929784, -37.85138333]}, "properties": {"stop_id": "26259", "stop_name": "Prahran Rail Replacement Bus Stop", "full_name": "Prahran Rail Replacement Bus Stop", "is_interchange": false, "mode": "Metro Train"}}, {"type": "Feature", "geometry": {"type": "Point", "coordinates": [145.00134432, -37.7376338]}, "properties": {"stop_id": "26260", "stop_name": "Preston Rail Replacement Bus Stop", "full_name": "Preston Rail Replacement Bus Stop", "is_interchange": false, "mode": "Metro Train"}}, {"type": "Feature", "geometry": {"type": "Point", "coordinates": [145.00324559, -37.73064575]}, "properties": {"stop_id": "26261", "stop_name": "Regent Rail Replacement Bus Stop", "full_name": "Regent Rail Replacement Bus Stop", "is_interchange": false, "mode": "Metro Train"}}, {"type": "Feature", "geometry": {"type": "Point", "coordinates": [145.00758378, -37.7173815]}, "properties": {"stop_id": "26262", "stop_name": "Reservoir Rail Replacement Bus Stop", "full_name": "Reservoir Rail Replacement Bus Stop", "is_interchange": false, "mode": "Metro Train"}}, {"type": "Feature", "geometry": {"type": "Point", "coordinates": [144.98957471, -37.82486644]}, "properties": {"stop_id": "26263", "stop_name": "Richmond Rail Replacement Bus Stop", "full_name": "Richmond Rail Replacement Bus Stop", "is_interchange": false, "mode": "Metro Train"}}, {"type": "Feature", "geometry": {"type": "Point", "coordinates": [145.25043584, -37.81217896]}, "properties": {"stop_id": "26264", "stop_name": "Ringwood East Rail Replacement Bus Stop", "full_name": "Ringwood East Rail Replacement Bus Stop", "is_interchange": false, "mode": "Metro Train"}}, {"type": "Feature", "geometry": {"type": "Point", "coordinates": [145.22932529, -37.81521594]}, "properties": {"stop_id": "26265", "stop_name": "Ringwood Rail Replacement Bus Stop", "full_name": "Ringwood Rail Replacement Bus Stop", "is_interchange": false, "mode": "Metro Train"}}, {"type": "Feature", "geometry": {"type": "Point", "coordinates": [144.99787412, -37.87716791]}, "properties": {"stop_id": "26266", "stop_name": "Ripponlea Rail Replacement Bus Stop", "full_name": "Ripponlea Rail Replacement Bus Stop", "is_interchange": false, "mode": "Metro Train"}}, {"type": "Feature", "geometry": {"type": "Point", "coordinates": [145.06988217, -37.83290615]}, "properties": {"stop_id": "26267", "stop_name": "Riversdale Rail Replacement Bus Stop", "full_name": "Riversdale Rail Replacement Bus Stop", "is_interchange": false, "mode": "Metro Train"}}, {"type": "Feature", "geometry": {"type": "Point", "coordinates": [145.06670945, -37.74324842]}, "properties": {"stop_id": "26268", "stop_name": "Rosanna Rail Replacement Bus Stop", "full_name": "Rosanna Rail Replacement Bus Stop", "is_interchange": false, "mode": "Metro Train"}}, {"type": "Feature", "geometry": {"type": "Point", "coordinates": [144.93492007, -37.63891666]}, "properties": {"stop_id": "26269", "stop_name": "Roxburgh Park Rail Replacement Bus Stop", "full_name": "Roxburgh Park Rail Replacement Bus Stop", "is_interchange": false, "mode": "Metro Train"}}, {"type": "Feature", "geometry": {"type": "Point", "coordinates": [144.95082899, -37.78064464]}, "properties": {"stop_id": "26270", "stop_name": "Royal Park Rail Replacement Bus Stop", "full_name": "Royal Park Rail Replacement Bus Stop", "is_interchange": false, "mode": "Metro Train"}}, {"type": "Feature", "geometry": {"type": "Point", "coordinates": [144.99100486, -37.78300395]}, "properties": {"stop_id": "26271", "stop_name": "Rushall Rail Replacement Bus Stop", "full_name": "Rushall Rail Replacement Bus Stop", "is_interchange": false, "mode": "Metro Train"}}, {"type": "Feature", "geometry": {"type": "Point", "coordinates": [145.00921143, -37.70700921]}, "properties": {"stop_id": "26272", "stop_name": "Ruthven Rail Replacement Bus Stop", "full_name": "Ruthven Rail Replacement Bus Stop", "is_interchange": false, "mode": "Metro Train"}}, {"type": "Feature", "geometry": {"type": "Point", "coordinates": [145.16259071, -37.9568073]}, "properties": {"stop_id": "26273", "stop_name": "Sandown Park Rail Replacement Bus Stop", "full_name": "Sandown Park Rail Replacement Bus Stop", "is_interchange": false, "mode": "Metro Train"}}, {"type": "Feature", "geometry": {"type": "Point", "coordinates": [145.00429128, -37.95021745]}, "properties": {"stop_id": "26274", "stop_name": "Sandringham Rail Replacement Bus Stop", "full_name": "Sandringham Rail Replacement Bus Stop", "is_interchange": false, "mode": "Metro Train"}}, {"type": "Feature", "geometry": {"type": "Point", "coordinates": [145.12841625, -38.10388883]}, "properties": {"stop_id": "26275", "stop_name": "Seaford Rail Replacement Bus Stop", "full_name": "Seaford Rail Replacement Bus Stop", "is_interchange": false, "mode": "Metro Train"}}, {"type": "Feature", "geometry": {"type": "Point", "coordinates": [144.83873537, -37.86764832]}, "properties": {"stop_id": "26276", "stop_name": "Seaholme Rail Replacement Bus Stop", "full_name": "Seaholme Rail Replacement Bus Stop", "is_interchange": false, "mode": "Metro Train"}}, {"type": "Feature", "geometry": {"type": "Point", "coordinates": [144.89499066, -37.80898396]}, "properties": {"stop_id": "26277", "stop_name": "Seddon Rail Replacement Bus Stop", "full_name": "Seddon Rail Replacement Bus Stop", "is_interchange": false, "mode": "Metro Train"}}, {"type": "Feature", "geometry": {"type": "Point", "coordinates": [145.1761512, -38.22452046]}, "properties": {"stop_id": "26278", "stop_name": "Somerville Rail Replacement Bus Stop", "full_name": "Somerville Rail Replacement Bus Stop", "is_interchange": false, "mode": "Metro Train"}}, {"type": "Feature", "geometry": {"type": "Point", "coordinates": [144.92062119, -37.79825583]}, "properties": {"stop_id": "26279", "stop_name": "South Kensington Rail Replacement Bus Stop", "full_name": "South Kensington Rail Replacement Bus Stop", "is_interchange": false, "mode": "Metro Train"}}, {"type": "Feature", "geometry": {"type": "Point", "coordinates": [145.06705158, -37.64929429]}, "properties": {"stop_id": "26280", "stop_name": "South Morang Rail Replacement Bus Stop", "full_name": "South Morang Rail Replacement Bus Stop", "is_interchange": false, "mode": "Metro Train"}}, {"type": "Feature", "geometry": {"type": "Point", "coordinates": [144.9921992, -37.83911378]}, "properties": {"stop_id": "26281", "stop_name": "South Yarra Rail Replacement Bus Stop", "full_name": "South Yarra Rail Replacement Bus Stop", "is_interchange": false, "mode": "Metro Train"}}, {"type": "Feature", "geometry": {"type": "Point", "coordinates": [144.95326534, -37.81743698]}, "properties": {"stop_id": "26282", "stop_name": "Southern Cross Rail Replacement Bus Stop", "full_name": "Southern Cross Rail Replacement Bus Stop", "is_interchange": false, "mode": "Metro Train"}}, {"type": "Feature", "geometry": {"type": "Point", "coordinates": [145.04856151, -37.95709729]}, "properties": {"stop_id": "26283", "stop_name": "Southland Rail Replacement Bus Stop", "full_name": "Southland Rail Replacement Bus Stop", "is_interchange": false, "mode": "Metro Train"}}, {"type": "Feature", "geometry": {"type": "Point", "coordinates": [144.88684338, -37.82980812]}, "properties": {"stop_id": "26284", "stop_name": "Spotswood Rail Replacement Bus Stop", "full_name": "Spotswood Rail Replacement Bus Stop", "is_interchange": false, "mode": "Metro Train"}}, {"type": "Feature", "geometry": {"type": "Point", "coordinates": [145.15347513, -37.94994172]}, "properties": {"stop_id": "26285", "stop_name": "Springvale Rail Replacement Bus Stop", "full_name": "Springvale Rail Replacement Bus Stop", "is_interchange": false, "mode": "Metro Train"}}, {"type": "Feature", "geometry": {"type": "Point", "coordinates": [144.80063518, -37.74504345]}, "properties": {"stop_id": "26286", "stop_name": "St Albans Rail Replacement Bus Stop", "full_name": "St Albans Rail Replacement Bus Stop", "is_interchange": false, "mode": "Metro Train"}}, {"type": "Feature", "geometry": {"type": "Point", "coordinates": [145.22226109, -38.37376336]}, "properties": {"stop_id": "26287", "stop_name": "Stony Point Rail Replacement Bus Stop", "full_name": "Stony Point Rail Replacement Bus Stop", "is_interchange": false, "mode": "Metro Train"}}, {"type": "Feature", "geometry": {"type": "Point", "coordinates": [144.92784535, -37.74413233]}, "properties": {"stop_id": "26288", "stop_name": "Strathmore Rail Replacement Bus Stop", "full_name": "Strathmore Rail Replacement Bus Stop", "is_interchange": false, "mode": "Metro Train"}}, {"type": "Feature", "geometry": {"type": "Point", "coordinates": [144.72837396, -37.57902117]}, "properties": {"stop_id": "26289", "stop_name": "Sunbury Rail Replacement Bus Stop", "full_name": "Sunbury Rail Replacement Bus Stop", "is_interchange": false, "mode": "Metro Train"}}, {"type": "Feature", "geometry": {"type": "Point", "coordinates": [144.83284051, -37.7890493]}, "properties": {"stop_id": "26290", "stop_name": "Sunshine Rail Replacement Bus Stop", "full_name": "Sunshine Rail Replacement Bus Stop", "is_interchange": false, "mode": "Metro Train"}}, {"type": "Feature", "geometry": {"type": "Point", "coordinates": [145.14989243, -37.87675408]}, "properties": {"stop_id": "26292", "stop_name": "Syndal Rail Replacement Bus Stop", "full_name": "Syndal Rail Replacement Bus Stop", "is_interchange": false, "mode": "Metro Train"}}, {"type": "Feature", "geometry": {"type": "Point", "coordinates": [145.34264759, -37.90634723]}, "properties": {"stop_id": "26293", "stop_name": "Tecoma Rail Replacement Bus Stop", "full_name": "Tecoma Rail Replacement Bus Stop", "is_interchange": false, "mode": "Metro Train"}}, {"type": "Feature", "geometry": {"type": "Point", "coordinates": [145.0138012, -37.68081669]}, "properties": {"stop_id": "26294", "stop_name": "Thomastown Rail Replacement Bus Stop", "full_name": "Thomastown Rail Replacement Bus Stop", "is_interchange": false, "mode": "Metro Train"}}, {"type": "Feature", "geometry": {"type": "Point", "coordinates": [145.00102723, -37.75658946]}, "properties": {"stop_id": "26295", "stop_name": "Thornbury Rail Replacement Bus Stop", "full_name": "Thornbury Rail Replacement Bus Stop", "is_interchange": false, "mode": "Metro Train"}}, {"type": "Feature", "geometry": {"type": "Point", "coordinates": [145.01218938, -37.84961831]}, "properties": {"stop_id": "26296", "stop_name": "Toorak Rail Replacement Bus Stop", "full_name": "Toorak Rail Replacement Bus Stop", "is_interchange": false, "mode": "Metro Train"}}, {"type": "Feature", "geometry": {"type": "Point", "coordinates": [145.04260872, -37.85065976]}, "properties": {"stop_id": "26297", "stop_name": "Tooronga Rail Replacement Bus Stop", "full_name": "Tooronga Rail Replacement Bus Stop", "is_interchange": false, "mode": "Metro Train"}}, {"type": "Feature", "geometry": {"type": "Point", "coordinates": [144.86278907, -37.79953644]}, "properties": {"stop_id": "26298", "stop_name": "Tottenham Rail Replacement Bus Stop", "full_name": "Tottenham Rail Replacement Bus Stop", "is_interchange": false, "mode": "Metro Train"}}, {"type": "Feature", "geometry": {"type": "Point", "coordinates": [145.18963641, -38.26160419]}, "properties": {"stop_id": "26299", "stop_name": "Tyabb Rail Replacement Bus Stop", "full_name": "Tyabb Rail Replacement Bus Stop", "is_interchange": false, "mode": "Metro Train"}}, {"type": "Feature", "geometry": {"type": "Point", "coordinates": [144.94650984, -37.66619995]}, "properties": {"stop_id": "26300", "stop_name": "Upfield Rail Replacement Bus Stop", "full_name": "Upfield Rail Replacement Bus Stop", "is_interchange": false, "mode": "Metro Train"}}, {"type": "Feature", "geometry": {"type": "Point", "coordinates": [145.31031922, -37.89354089]}, "properties": {"stop_id": "26301", "stop_name": "Upper Ferntree Gully Rail Replacement Bus Stop", "full_name": "Upper Ferntree Gully Rail Replacement Bus Stop", "is_interchange": false, "mode": "Metro Train"}}, {"type": "Feature", "geometry": {"type": "Point", "coordinates": [145.33134109, -37.90334862]}, "properties": {"stop_id": "26302", "stop_name": "Upwey Rail Replacement Bus Stop", "full_name": "Upwey Rail Replacement Bus Stop", "is_interchange": false, "mode": "Metro Train"}}, {"type": "Feature", "geometry": {"type": "Point", "coordinates": [144.99306592, -37.8004139]}, "properties": {"stop_id": "26303", "stop_name": "Victoria Park Rail Replacement Bus Stop", "full_name": "Victoria Park Rail Replacement Bus Stop", "is_interchange": false, "mode": "Metro Train"}}, {"type": "Feature", "geometry": {"type": "Point", "coordinates": [144.77430593, -37.70072556]}, "properties": {"stop_id": "26304", "stop_name": "Watergardens Rail Replacement Bus Stop", "full_name": "Watergardens Rail Replacement Bus Stop", "is_interchange": false, "mode": "Metro Train"}}, {"type": "Feature", "geometry": {"type": "Point", "coordinates": [145.08420275, -37.71091957]}, "properties": {"stop_id": "26305", "stop_name": "Watsonia Rail Replacement Bus Stop", "full_name": "Watsonia Rail Replacement Bus Stop", "is_interchange": false, "mode": "Metro Train"}}, {"type": "Feature", "geometry": {"type": "Point", "coordinates": [145.18274459, -37.66365189]}, "properties": {"stop_id": "26306", "stop_name": "Wattle Glen Rail Replacement Bus Stop", "full_name": "Wattle Glen Rail Replacement Bus Stop", "is_interchange": false, "mode": "Metro Train"}}, {"type": "Feature", "geometry": {"type": "Point", "coordinates": [144.66050692, -37.89892435]}, "properties": {"stop_id": "26307", "stop_name": "Werribee Rail Replacement Bus Stop", "full_name": "Werribee Rail Replacement Bus Stop", "is_interchange": false, "mode": "Metro Train"}}, {"type": "Feature", "geometry": {"type": "Point", "coordinates": [144.88412906, -37.80231891]}, "properties": {"stop_id": "26308", "stop_name": "West Footscray Rail Replacement Bus Stop", "full_name": "West Footscray Rail Replacement Bus Stop", "is_interchange": false, "mode": "Metro Train"}}, {"type": "Feature", "geometry": {"type": "Point", "coordinates": [144.99051919, -37.81517687]}, "properties": {"stop_id": "26309", "stop_name": "West Richmond Rail Replacement Bus Stop", "full_name": "West Richmond Rail Replacement Bus Stop", "is_interchange": false, "mode": "Metro Train"}}, {"type": "Feature", "geometry": {"type": "Point", "coordinates": [145.13847296, -37.93786371]}, "properties": {"stop_id": "26310", "stop_name": "Westall Rail Replacement Bus Stop", "full_name": "Westall Rail Replacement Bus Stop", "is_interchange": false, "mode": "Metro Train"}}, {"type": "Feature", "geometry": {"type": "Point", "coordinates": [144.99982395, -37.78145081]}, "properties": {"stop_id": "26311", "stop_name": "Westgarth Rail Replacement Bus Stop", "full_name": "Westgarth Rail Replacement Bus Stop", "is_interchange": false, "mode": "Metro Train"}}, {"type": "Feature", "geometry": {"type": "Point", "coordinates": [144.81248051, -37.86444176]}, "properties": {"stop_id": "26312", "stop_name": "Westona Rail Replacement Bus Stop", "full_name": "Westona Rail Replacement Bus Stop", "is_interchange": false, "mode": "Metro Train"}}, {"type": "Feature", "geometry": {"type": "Point", "coordinates": [144.74828641, -37.86947592]}, "properties": {"stop_id": "26313", "stop_name": "Williams Landing Rail Replacement Bus Stop", "full_name": "Williams Landing Rail Replacement Bus Stop", "is_interchange": false, "mode": "Metro Train"}}, {"type": "Feature", "geometry": {"type": "Point", "coordinates": [144.89494197, -37.86385491]}, "properties": {"stop_id": "26314", "stop_name": "Williamstown Beach Rail Replacement Bus Stop", "full_name": "Williamstown Beach Rail Replacement Bus Stop", "is_interchange": false, "mode": "Metro Train"}}, {"type": "Feature", "geometry": {"type": "Point", "coordinates": [144.90547637, -37.8675664]}, "properties": {"stop_id": "26315", "stop_name": "Williamstown Rail Replacement Bus Stop", "full_name": "Williamstown Rail Replacement Bus Stop", "is_interchange": false, "mode": "Metro Train"}}, {"type": "Feature", "geometry": {"type": "Point", "coordinates": [145.07259739, -37.83597862]}, "properties": {"stop_id": "26316", "stop_name": "Willison Rail Replacement Bus Stop", "full_name": "Willison Rail Replacement Bus Stop", "is_interchange": false, "mode": "Metro Train"}}, {"type": "Feature", "geometry": {"type": "Point", "coordinates": [144.99245954, -37.85633067]}, "properties": {"stop_id": "26317", "stop_name": "Windsor Rail Replacement Bus Stop", "full_name": "Windsor Rail Replacement Bus Stop", "is_interchange": false, "mode": "Metro Train"}}, {"type": "Feature", "geometry": {"type": "Point", "coordinates": [145.19183585, -37.97793373]}, "properties": {"stop_id": "26318", "stop_name": "Yarraman Rail Replacement Bus Stop", "full_name": "Yarraman Rail Replacement Bus Stop", "is_interchange": false, "mode": "Metro Train"}}, {"type": "Feature", "geometry": {"type": "Point", "coordinates": [144.88933356, -37.81618213]}, "properties": {"stop_id": "26319", "stop_name": "Yarraville Rail Replacement Bus Stop", "full_name": "Yarraville Rail Replacement Bus Stop", "is_interchange": false, "mode": "Metro Train"}}, {"type": "Feature", "geometry": {"type": "Point", "coordinates": [144.91024855, -37.78267119]}, "properties": {"stop_id": "26320", "stop_name": "Showgrounds Rail Replacement Bus Stop", "full_name": "Showgrounds Railway Station Rail Replacement Bus Stop", "is_interchange": false, "mode": "Metro Train"}}, {"type": "Feature", "geometry": {"type": "Point", "coordinates": [145.09684275, -37.82593725]}, "properties": {"stop_id": "26321", "stop_name": "Union Rail Replacement Bus Stop", "full_name": "Union Rail Replacement Bus Stop", "is_interchange": false, "mode": "Metro Train"}}, {"type": "Feature", "geometry": {"type": "Point", "coordinates": [144.9417746, -37.80128591]}, "properties": {"stop_id": "26323", "stop_name": "Arden Rail Replacement Bus Stop", "full_name": "Arden Railway Station Rail Replacement Bus Stop", "is_interchange": false, "mode": "Metro Train"}}, {"type": "Feature", "geometry": {"type": "Point", "coordinates": [144.95955183, -37.79994612]}, "properties": {"stop_id": "26324", "stop_name": "Parkville Rail Replacement Bus Stop", "full_name": "Parkville Railway Station Rail Replacement Bus Stop", "is_interchange": false, "mode": "Metro Train"}}, {"type": "Feature", "geometry": {"type": "Point", "coordinates": [145.43814277, -38.07136724]}, "properties": {"stop_id": "26501", "stop_name": "Cardinia Road", "full_name": "Cardinia Road Station", "is_interchange": false, "mode": "Metro Train"}}, {"type": "Feature", "geometry": {"type": "Point", "coordinates": [144.92608856, -37.66103916]}, "properties": {"stop_id": "26503", "stop_name": "Coolaroo", "full_name": "Coolaroo Station", "is_interchange": false, "mode": "Metro Train"}}, {"type": "Feature", "geometry": {"type": "Point", "coordinates": [145.50702944, -38.08441991]}, "properties": {"stop_id": "26506", "stop_name": "East Pakenham", "full_name": "East Pakenham Station", "is_interchange": false, "mode": "Metro Train"}}, {"type": "Feature", "geometry": {"type": "Point", "coordinates": [145.09743269, -37.622896]}, "properties": {"stop_id": "26511", "stop_name": "Hawkstowe", "full_name": "Hawkstowe Station", "is_interchange": false, "mode": "Metro Train"}}, {"type": "Feature", "geometry": {"type": "Point", "coordinates": [145.24938669, -38.05744197]}, "properties": {"stop_id": "26514", "stop_name": "Lynbrook", "full_name": "Lynbrook Station", "is_interchange": false, "mode": "Metro Train"}}, {"type": "Feature", "geometry": {"type": "Point", "coordinates": [145.10098153, -37.60231521]}, "properties": {"stop_id": "26517", "stop_name": "Mernda", "full_name": "Mernda Station", "is_interchange": false, "mode": "Metro Train"}}, {"type": "Feature", "geometry": {"type": "Point", "coordinates": [145.09244475, -37.64382284]}, "properties": {"stop_id": "26519", "stop_name": "Middle Gorge", "full_name": "Middle Gorge Station", "is_interchange": false, "mode": "Metro Train"}}, {"type": "Feature", "geometry": {"type": "Point", "coordinates": [145.06766922, -37.64907911]}, "properties": {"stop_id": "26522", "stop_name": "South Morang", "full_name": "South Morang Station", "is_interchange": false, "mode": "Metro Train"}}, {"type": "Feature", "geometry": {"type": "Point", "coordinates": [145.04904026, -37.95879042]}, "properties": {"stop_id": "26527", "stop_name": "Southland", "full_name": "Southland Station", "is_interchange": false, "mode": "Metro Train"}}, {"type": "Feature", "geometry": {"type": "Point", "coordinates": [145.10157028, -37.82234572]}, "properties": {"stop_id": "26535", "stop_name": "Union", "full_name": "Union Station", "is_interchange": false, "mode": "Metro Train"}}, {"type": "Feature", "geometry": {"type": "Point", "coordinates": [144.74655812, -37.87023584]}, "properties": {"stop_id": "26540", "stop_name": "Williams Landing", "full_name": "Williams Landing Station", "is_interchange": false, "mode": "Metro Train"}}, {"type": "Feature", "geometry": {"type": "Point", "coordinates": [144.939724, -37.80151139]}, "properties": {"stop_id": "26548", "stop_name": "Arden", "full_name": "Arden Station", "is_interchange": false, "mode": "Metro Train"}}, {"type": "Feature", "geometry": {"type": "Point", "coordinates": [144.95920091, -37.79990399]}, "properties": {"stop_id": "26550", "stop_name": "Parkville", "full_name": "Parkville Station", "is_interchange": false, "mode": "Metro Train"}}, {"type": "Feature", "geometry": {"type": "Point", "coordinates": [144.96311741, -37.80823559]}, "properties": {"stop_id": "26552", "stop_name": "State Library", "full_name": "State Library Station", "is_interchange": false, "mode": "Metro Train"}}, {"type": "Feature", "geometry": {"type": "Point", "coordinates": [144.96672993, -37.81608419]}, "properties": {"stop_id": "26554", "stop_name": "Town Hall", "full_name": "Town Hall Station", "is_interchange": false, "mode": "Metro Train"}}, {"type": "Feature", "geometry": {"type": "Point", "coordinates": [144.97272697, -37.83313872]}, "properties": {"stop_id": "26556", "stop_name": "Anzac", "full_name": "Anzac Station", "is_interchange": false, "mode": "Metro Train"}}, {"type": "Feature", "geometry": {"type": "Point", "coordinates": [145.34451932, -38.03884125]}, "properties": {"stop_id": "27882", "stop_name": "1", "full_name": "1", "is_interchange": false, "mode": "Metro Train"}}, {"type": "Feature", "geometry": {"type": "Point", "coordinates": [145.34305454, -38.03861333]}, "properties": {"stop_id": "27883", "stop_name": "2", "full_name": "2", "is_interchange": false, "mode": "Metro Train"}}, {"type": "Feature", "geometry": {"type": "Point", "coordinates": [145.17807927, -38.33711179]}, "properties": {"stop_id": "3236", "stop_name": "Bittern", "full_name": "Bittern Station", "is_interchange": false, "mode": "Metro Train"}}, {"type": "Feature", "geometry": {"type": "Point", "coordinates": [145.18595837, -38.30560413]}, "properties": {"stop_id": "3580", "stop_name": "Hastings", "full_name": "Hastings Station", "is_interchange": false, "mode": "Metro Train"}}, {"type": "Feature", "geometry": {"type": "Point", "coordinates": [144.93544749, -37.63828604]}, "properties": {"stop_id": "40218", "stop_name": "Roxburgh Park", "full_name": "Roxburgh Park Station", "is_interchange": false, "mode": "Metro Train"}}, {"type": "Feature", "geometry": {"type": "Point", "coordinates": [145.18623113, -38.25974029]}, "properties": {"stop_id": "4318", "stop_name": "Tyabb", "full_name": "Tyabb Station", "is_interchange": false, "mode": "Metro Train"}}, {"type": "Feature", "geometry": {"type": "Point", "coordinates": [145.17629976, -38.22543293]}, "properties": {"stop_id": "5082", "stop_name": "Somerville", "full_name": "Somerville Station", "is_interchange": false, "mode": "Metro Train"}}, {"type": "Feature", "geometry": {"type": "Point", "coordinates": [145.16055005, -38.19399838]}, "properties": {"stop_id": "5701", "stop_name": "Baxter", "full_name": "Baxter Station", "is_interchange": false, "mode": "Metro Train"}}, {"type": "Feature", "geometry": {"type": "Point", "coordinates": [145.05813471, -37.85927989]}, "properties": {"stop_id": "5966", "stop_name": "Glen Iris", "full_name": "Glen Iris Station", "is_interchange": false, "mode": "Metro Train"}}, {"type": "Feature", "geometry": {"type": "Point", "coordinates": [145.20400223, -38.36593352]}, "properties": {"stop_id": "615", "stop_name": "Crib Point", "full_name": "Crib Point Station", "is_interchange": false, "mode": "Metro Train"}}, {"type": "Feature", "geometry": {"type": "Point", "coordinates": [145.13957959, -38.15203472]}, "properties": {"stop_id": "7878", "stop_name": "Leawarra", "full_name": "Leawarra Station", "is_interchange": false, "mode": "Metro Train"}}, {"type": "Feature", "geometry": {"type": "Point", "coordinates": [145.06283885, -37.86889192]}, "properties": {"stop_id": "8272", "stop_name": "Darling", "full_name": "Darling Station", "is_interchange": false, "mode": "Metro Train"}}, {"type": "Feature", "geometry": {"type": "Point", "coordinates": [145.06932411, -37.87695592]}, "properties": {"stop_id": "8705", "stop_name": "East Malvern", "full_name": "East Malvern Station", "is_interchange": false, "mode": "Metro Train"}}, {"type": "Feature", "geometry": {"type": "Point", "coordinates": [145.09037513, -37.87450571]}, "properties": {"stop_id": "8763", "stop_name": "Holmesglen", "full_name": "Holmesglen Station", "is_interchange": false, "mode": "Metro Train"}}, {"type": "Feature", "geometry": {"type": "Point", "coordinates": [145.22133817, -38.37405575]}, "properties": {"stop_id": "88", "stop_name": "Stony Point", "full_name": "Stony Point Station", "is_interchange": false, "mode": "Metro Train"}}, {"type": "Feature", "geometry": {"type": "Point", "coordinates": [144.76080944, -37.86660595]}, "properties": {"stop_id": "vic:rail:ACF", "stop_name": "Aircraft", "full_name": "Aircraft Railway Station", "is_interchange": false, "mode": "Metro Train"}}, {"type": "Feature", "geometry": {"type": "Point", "coordinates": [144.76126386, -37.86661459]}, "properties": {"stop_id": "vic:rail:ACF_BR1", "stop_name": "Bike & Ride", "full_name": "Bike & Ride", "is_interchange": false, "mode": "Metro Train"}}, {"type": "Feature", "geometry": {"type": "Point", "coordinates": [144.76129912, -37.86620074]}, "properties": {"stop_id": "vic:rail:ACF_DP1", "stop_name": "Decision point 1", "full_name": "Decision point 1", "is_interchange": false, "mode": "Metro Train"}}, {"type": "Feature", "geometry": {"type": "Point", "coordinates": [144.76138319, -37.86642762]}, "properties": {"stop_id": "vic:rail:ACF_DP2", "stop_name": "Decision point 2", "full_name": "Decision point 2", "is_interchange": false, "mode": "Metro Train"}}, {"type": "Feature", "geometry": {"type": "Point", "coordinates": [144.76142455, -37.86656358]}, "properties": {"stop_id": "vic:rail:ACF_DP3", "stop_name": "Decision point 3", "full_name": "Decision point 3", "is_interchange": false, "mode": "Metro Train"}}, {"type": "Feature", "geometry": {"type": "Point", "coordinates": [144.76151933, -37.86606075]}, "properties": {"stop_id": "vic:rail:ACF_EN1", "stop_name": "Sir Richard Williams", "full_name": "Sir Richard Williams", "is_interchange": false, "mode": "Metro Train"}}, {"type": "Feature", "geometry": {"type": "Point", "coordinates": [144.76151052, -37.86672742]}, "properties": {"stop_id": "vic:rail:ACF_EN3", "stop_name": "Triholm Ave", "full_name": "Triholm Ave", "is_interchange": false, "mode": "Metro Train"}}, {"type": "Feature", "geometry": {"type": "Point", "coordinates": [144.76067493, -37.86691879]}, "properties": {"stop_id": "vic:rail:ACF_PR1", "stop_name": "Park & Ride", "full_name": "Park & Ride", "is_interchange": false, "mode": "Metro Train"}}, {"type": "Feature", "geometry": {"type": "Point", "coordinates": [144.82470361, -37.77765281]}, "properties": {"stop_id": "vic:rail:ALB", "stop_name": "Albion", "full_name": "Albion Railway Station", "is_interchange": false, "mode": "Metro Train"}}, {"type": "Feature", "geometry": {"type": "Point", "coordinates": [144.82442258, -37.7767825]}, "properties": {"stop_id": "vic:rail:ALB_EN1", "stop_name": "St Albans Rd", "full_name": "St Albans Rd", "is_interchange": false, "mode": "Metro Train"}}, {"type": "Feature", "geometry": {"type": "Point", "coordinates": [144.82376443, -37.77677034]}, "properties": {"stop_id": "vic:rail:ALB_EN2", "stop_name": "Sydney St", "full_name": "Sydney St", "is_interchange": false, "mode": "Metro Train"}}, {"type": "Feature", "geometry": {"type": "Point", "coordinates": [144.82575892, -37.77844729]}, "properties": {"stop_id": "vic:rail:ALB_PR1", "stop_name": "Park & Ride 1", "full_name": "Park & Ride 1", "is_interchange": false, "mode": "Metro Train"}}, {"type": "Feature", "geometry": {"type": "Point", "coordinates": [144.82395706, -37.77717041]}, "properties": {"stop_id": "vic:rail:ALB_PR2", "stop_name": "Park & Ride 2", "full_name": "Park & Ride 2", "is_interchange": false, "mode": "Metro Train"}}, {"type": "Feature", "geometry": {"type": "Point", "coordinates": [145.07965567, -37.86832039]}, "properties": {"stop_id": "vic:rail:ALM", "stop_name": "Alamein", "full_name": "Alamein Railway Station", "is_interchange": false, "mode": "Metro Train"}}, {"type": "Feature", "geometry": {"type": "Point", "coordinates": [145.07984286, -37.86811617]}, "properties": {"stop_id": "vic:rail:ALM_EN1", "stop_name": "Ashburn Gr", "full_name": "Ashburn Gr", "is_interchange": false, "mode": "Metro Train"}}, {"type": "Feature", "geometry": {"type": "Point", "coordinates": [145.03125493, -37.77839363]}, "properties": {"stop_id": "vic:rail:ALP", "stop_name": "Alphington", "full_name": "Alphington Railway Station", "is_interchange": false, "mode": "Metro Train"}}, {"type": "Feature", "geometry": {"type": "Point", "coordinates": [145.03127381, -37.77853814]}, "properties": {"stop_id": "vic:rail:ALP_EN1", "stop_name": "Rowe St", "full_name": "Rowe St", "is_interchange": false, "mode": "Metro Train"}}, {"type": "Feature", "geometry": {"type": "Point", "coordinates": [145.03105184, -37.77834518]}, "properties": {"stop_id": "vic:rail:ALP_EN3", "stop_name": "Wingrove St", "full_name": "Wingrove St", "is_interchange": false, "mode": "Metro Train"}}, {"type": "Feature", "geometry": {"type": "Point", "coordinates": [144.82964474, -37.8671476]}, "properties": {"stop_id": "vic:rail:ALT", "stop_name": "Altona", "full_name": "Altona Railway Station", "is_interchange": false, "mode": "Metro Train"}}, {"type": "Feature", "geometry": {"type": "Point", "coordinates": [144.83046988, -37.86730699]}, "properties": {"stop_id": "vic:rail:ALT_EN1", "stop_name": "Pier St", "full_name": "Pier St", "is_interchange": false, "mode": "Metro Train"}}, {"type": "Feature", "geometry": {"type": "Point", "coordinates": [144.83029894, -37.86732187]}, "properties": {"stop_id": "vic:rail:ALT_EN2", "stop_name": "Railway Street South", "full_name": "Railway Street South", "is_interchange": false, "mode": "Metro Train"}}, {"type": "Feature", "geometry": {"type": "Point", "coordinates": [144.83018532, -37.86731977]}, "properties": {"stop_id": "vic:rail:ALT_TX1", "stop_name": "Taxi Zone", "full_name": "Taxi Zone", "is_interchange": false, "mode": "Metro Train"}}, {"type": "Feature", "geometry": {"type": "Point", "coordinates": [145.01932554, -37.85645238]}, "properties": {"stop_id": "vic:rail:ARM", "stop_name": "Armadale", "full_name": "Armadale Railway Station", "is_interchange": false, "mode": "Metro Train"}}, {"type": "Feature", "geometry": {"type": "Point", "coordinates": [145.01911935, -37.856512]}, "properties": {"stop_id": "vic:rail:ARM_EN1", "stop_name": "Cheel St", "full_name": "Cheel St", "is_interchange": false, "mode": "Metro Train"}}, {"type": "Feature", "geometry": {"type": "Point", "coordinates": [145.01936975, -37.85607463]}, "properties": {"stop_id": "vic:rail:ARM_EN2", "stop_name": "Morey St", "full_name": "Morey St", "is_interchange": false, "mode": "Metro Train"}}, {"type": "Feature", "geometry": {"type": "Point", "coordinates": [144.94120851, -37.80122194]}, "properties": {"stop_id": "vic:rail:ARN", "stop_name": "Arden", "full_name": "Arden Railway Station", "is_interchange": false, "mode": "Metro Train"}}, {"type": "Feature", "geometry": {"type": "Point", "coordinates": [144.94139439, -37.80107199]}, "properties": {"stop_id": "vic:rail:ARN_EN1", "stop_name": "Laurens St", "full_name": "Laurens St", "is_interchange": false, "mode": "Metro Train"}}, {"type": "Feature", "geometry": {"type": "Point", "coordinates": [144.94115675, -37.8010408]}, "properties": {"stop_id": "vic:rail:ARN_LI1", "stop_name": "Lift 1", "full_name": "Lift 1", "is_interchange": false, "mode": "Metro Train"}}, {"type": "Feature", "geometry": {"type": "Point", "coordinates": [144.94022749, -37.80137601]}, "properties": {"stop_id": "vic:rail:ARN_LI2", "stop_name": "Lift 2", "full_name": "Lift 2", "is_interchange": false, "mode": "Metro Train"}}, {"type": "Feature", "geometry": {"type": "Point", "coordinates": [145.08134376, -37.86196753]}, "properties": {"stop_id": "vic:rail:ASH", "stop_name": "Ashburton", "full_name": "Ashburton Railway Station", "is_interchange": false, "mode": "Metro Train"}}, {"type": "Feature", "geometry": {"type": "Point", "coordinates": [145.08150493, -37.86188905]}, "properties": {"stop_id": "vic:rail:ASH_EN1", "stop_name": "Welfare Pde", "full_name": "Welfare Pde", "is_interchange": false, "mode": "Metro Train"}}, {"type": "Feature", "geometry": {"type": "Point", "coordinates": [145.08082054, -37.86241861]}, "properties": {"stop_id": "vic:rail:ASH_PR3", "stop_name": "Park & Ride 3", "full_name": "Park & Ride 3", "is_interchange": false, "mode": "Metro Train"}}, {"type": "Feature", "geometry": {"type": "Point", "coordinates": [145.10214962, -38.02722019]}, "properties": {"stop_id": "vic:rail:ASP", "stop_name": "Aspendale", "full_name": "Aspendale Railway Station", "is_interchange": false, "mode": "Metro Train"}}, {"type": "Feature", "geometry": {"type": "Point", "coordinates": [145.10214055, -38.0275715]}, "properties": {"stop_id": "vic:rail:ASP_EN1", "stop_name": "Nepean Hwy", "full_name": "Nepean Hwy", "is_interchange": false, "mode": "Metro Train"}}, {"type": "Feature", "geometry": {"type": "Point", "coordinates": [145.10232787, -38.02737627]}, "properties": {"stop_id": "vic:rail:ASP_EN2", "stop_name": "Station St", "full_name": "Station St", "is_interchange": false, "mode": "Metro Train"}}, {"type": "Feature", "geometry": {"type": "Point", "coordinates": [144.92182074, -37.77530609]}, "properties": {"stop_id": "vic:rail:ASV", "stop_name": "Ascot Vale", "full_name": "Ascot Vale Railway Station", "is_interchange": false, "mode": "Metro Train"}}, {"type": "Feature", "geometry": {"type": "Point", "coordinates": [144.92191556, -37.77516357]}, "properties": {"stop_id": "vic:rail:ASV_EN1", "stop_name": "Station Ave", "full_name": "Station Ave", "is_interchange": false, "mode": "Metro Train"}}, {"type": "Feature", "geometry": {"type": "Point", "coordinates": [144.92154436, -37.77503987]}, "properties": {"stop_id": "vic:rail:ASV_EN3", "stop_name": "The Crescent", "full_name": "The Crescent", "is_interchange": false, "mode": "Metro Train"}}, {"type": "Feature", "geometry": {"type": "Point", "coordinates": [144.96068404, -37.76124203]}, "properties": {"stop_id": "vic:rail:ASY", "stop_name": "Anstey", "full_name": "Anstey Railway Station", "is_interchange": false, "mode": "Metro Train"}}, {"type": "Feature", "geometry": {"type": "Point", "coordinates": [144.960948, -37.76072391]}, "properties": {"stop_id": "vic:rail:ASY_DP1", "stop_name": "Decision pont", "full_name": "Decision pont", "is_interchange": false, "mode": "Metro Train"}}, {"type": "Feature", "geometry": {"type": "Point", "coordinates": [144.96096207, -37.76062503]}, "properties": {"stop_id": "vic:rail:ASY_EN1", "stop_name": "Albion St", "full_name": "Albion St", "is_interchange": false, "mode": "Metro Train"}}, {"type": "Feature", "geometry": {"type": "Point", "coordinates": [144.96057479, -37.76108694]}, "properties": {"stop_id": "vic:rail:ASY_EN3", "stop_name": "Platform 2", "full_name": "Platform 2", "is_interchange": false, "mode": "Metro Train"}}, {"type": "Feature", "geometry": {"type": "Point", "coordinates": [145.04584366, -37.82239831]}, "properties": {"stop_id": "vic:rail:AUB", "stop_name": "Auburn", "full_name": "Auburn Railway Station", "is_interchange": false, "mode": "Metro Train"}}, {"type": "Feature", "geometry": {"type": "Point", "coordinates": [145.04585924, -37.82266892]}, "properties": {"stop_id": "vic:rail:AUB_EN1", "stop_name": "Lilydale Grove", "full_name": "Lilydale Grove", "is_interchange": false, "mode": "Metro Train"}}, {"type": "Feature", "geometry": {"type": "Point", "coordinates": [145.04591536, -37.82226432]}, "properties": {"stop_id": "vic:rail:AUB_EN2", "stop_name": "Victoria Rd", "full_name": "Victoria Rd", "is_interchange": false, "mode": "Metro Train"}}, {"type": "Feature", "geometry": {"type": "Point", "coordinates": [144.97279042, -37.83331103]}, "properties": {"stop_id": "vic:rail:AZC", "stop_name": "Anzac", "full_name": "Anzac Railway Station", "is_interchange": false, "mode": "Metro Train"}}, {"type": "Feature", "geometry": {"type": "Point", "coordinates": [144.97260007, -37.83320862]}, "properties": {"stop_id": "vic:rail:AZC_CN1", "stop_name": "Outer Concourse A", "full_name": "Outer Concourse A", "is_interchange": false, "mode": "Metro Train"}}, {"type": "Feature", "geometry": {"type": "Point", "coordinates": [144.97266302, -37.83298441]}, "properties": {"stop_id": "vic:rail:AZC_CN2", "stop_name": "Outer Concourse B", "full_name": "Outer Concourse B", "is_interchange": false, "mode": "Metro Train"}}, {"type": "Feature", "geometry": {"type": "Point", "coordinates": [144.97284029, -37.83314968]}, "properties": {"stop_id": "vic:rail:AZC_CN3", "stop_name": "Inner Concourse A", "full_name": "Inner Concourse A", "is_interchange": false, "mode": "Metro Train"}}, {"type": "Feature", "geometry": {"type": "Point", "coordinates": [144.97233046, -37.83309584]}, "properties": {"stop_id": "vic:rail:AZC_EN1", "stop_name": "St Kilda Rd North", "full_name": "St Kilda Rd North", "is_interchange": false, "mode": "Metro Train"}}, {"type": "Feature", "geometry": {"type": "Point", "coordinates": [144.97279907, -37.83341031]}, "properties": {"stop_id": "vic:rail:AZC_EN2", "stop_name": "St Kilda Rd South", "full_name": "St Kilda Rd South", "is_interchange": false, "mode": "Metro Train"}}, {"type": "Feature", "geometry": {"type": "Point", "coordinates": [144.97217369, -37.83342657]}, "properties": {"stop_id": "vic:rail:AZC_EN3", "stop_name": "Albert Rd", "full_name": "Albert Rd", "is_interchange": false, "mode": "Metro Train"}}, {"type": "Feature", "geometry": {"type": "Point", "coordinates": [144.97312346, -37.83276705]}, "properties": {"stop_id": "vic:rail:AZC_EN4", "stop_name": "Domain Rd", "full_name": "Domain Rd", "is_interchange": false, "mode": "Metro Train"}}, {"type": "Feature", "geometry": {"type": "Point", "coordinates": [144.97304003, -37.83332434]}, "properties": {"stop_id": "vic:rail:AZC_LI5", "stop_name": "Lift 5", "full_name": "Lift 5", "is_interchange": false, "mode": "Metro Train"}}, {"type": "Feature", "geometry": {"type": "Point", "coordinates": [144.96284055, -37.73352285]}, "properties": {"stop_id": "vic:rail:BAT", "stop_name": "Batman", "full_name": "Batman Railway Station", "is_interchange": false, "mode": "Metro Train"}}, {"type": "Feature", "geometry": {"type": "Point", "coordinates": [144.9628366, -37.73366697]}, "properties": {"stop_id": "vic:rail:BAT_EN1", "stop_name": "Gaffney St", "full_name": "Gaffney St", "is_interchange": false, "mode": "Metro Train"}}, {"type": "Feature", "geometry": {"type": "Point", "coordinates": [145.26813639, -37.84173004]}, "properties": {"stop_id": "vic:rail:BAY", "stop_name": "Bayswater", "full_name": "Bayswater Railway Station", "is_interchange": false, "mode": "Metro Train"}}, {"type": "Feature", "geometry": {"type": "Point", "coordinates": [145.26756924, -37.84119899]}, "properties": {"stop_id": "vic:rail:BAY_DP4", "stop_name": "Decision point 4", "full_name": "Decision point 4", "is_interchange": false, "mode": "Metro Train"}}, {"type": "Feature", "geometry": {"type": "Point", "coordinates": [145.26723265, -37.8410138]}, "properties": {"stop_id": "vic:rail:BAY_EN1", "stop_name": "Bike Trail", "full_name": "Bike Trail", "is_interchange": false, "mode": "Metro Train"}}, {"type": "Feature", "geometry": {"type": "Point", "coordinates": [145.26759154, -37.84121735]}, "properties": {"stop_id": "vic:rail:BAY_LI1", "stop_name": "Lift", "full_name": "Lift", "is_interchange": false, "mode": "Metro Train"}}, {"type": "Feature", "geometry": {"type": "Point", "coordinates": [144.98915355, -37.92648432]}, "properties": {"stop_id": "vic:rail:BBH", "stop_name": "Brighton Beach", "full_name": "Brighton Beach Railway Station", "is_interchange": false, "mode": "Metro Train"}}, {"type": "Feature", "geometry": {"type": "Point", "coordinates": [144.98897905, -37.92662552]}, "properties": {"stop_id": "vic:rail:BBH_EN1", "stop_name": "South Rd", "full_name": "South Rd", "is_interchange": false, "mode": "Metro Train"}}, {"type": "Feature", "geometry": {"type": "Point", "coordinates": [144.98939857, -37.92667775]}, "properties": {"stop_id": "vic:rail:BBH_EN2", "stop_name": "Station Walk", "full_name": "Station Walk", "is_interchange": false, "mode": "Metro Train"}}, {"type": "Feature", "geometry": {"type": "Point", "coordinates": [144.98922235, -37.92562939]}, "properties": {"stop_id": "vic:rail:BBH_EN6", "stop_name": "Canterbury Pl", "full_name": "Canterbury Pl", "is_interchange": false, "mode": "Metro Train"}}, {"type": "Feature", "geometry": {"type": "Point", "coordinates": [145.15001354, -37.82007075]}, "properties": {"stop_id": "vic:rail:BBN", "stop_name": "Blackburn", "full_name": "Blackburn Railway Station", "is_interchange": false, "mode": "Metro Train"}}, {"type": "Feature", "geometry": {"type": "Point", "coordinates": [145.15052817, -37.81993464]}, "properties": {"stop_id": "vic:rail:BBN_DP5", "stop_name": "Decision point 5", "full_name": "Decision point 5", "is_interchange": false, "mode": "Metro Train"}}, {"type": "Feature", "geometry": {"type": "Point", "coordinates": [145.15050535, -37.82039389]}, "properties": {"stop_id": "vic:rail:BBN_EN1", "stop_name": "South Pde", "full_name": "South Pde", "is_interchange": false, "mode": "Metro Train"}}, {"type": "Feature", "geometry": {"type": "Point", "coordinates": [145.15002782, -37.81995381]}, "properties": {"stop_id": "vic:rail:BBN_EN3", "stop_name": "Railway Rd", "full_name": "Railway Rd", "is_interchange": false, "mode": "Metro Train"}}, {"type": "Feature", "geometry": {"type": "Point", "coordinates": [144.9935121, -37.86948773]}, "properties": {"stop_id": "vic:rail:BCV", "stop_name": "Balaclava", "full_name": "Balaclava Railway Station", "is_interchange": false, "mode": "Metro Train"}}, {"type": "Feature", "geometry": {"type": "Point", "coordinates": [144.99347936, -37.86901856]}, "properties": {"stop_id": "vic:rail:BCV_DP1", "stop_name": "Decision Point 1", "full_name": "Decision Point 1", "is_interchange": false, "mode": "Metro Train"}}, {"type": "Feature", "geometry": {"type": "Point", "coordinates": [144.99363978, -37.86939078]}, "properties": {"stop_id": "vic:rail:BCV_DP2", "stop_name": "Decision Point 2", "full_name": "Decision Point 2", "is_interchange": false, "mode": "Metro Train"}}, {"type": "Feature", "geometry": {"type": "Point", "coordinates": [144.99346946, -37.86896432]}, "properties": {"stop_id": "vic:rail:BCV_EN1", "stop_name": "Balaclava Walk", "full_name": "Balaclava Walk", "is_interchange": false, "mode": "Metro Train"}}, {"type": "Feature", "geometry": {"type": "Point", "coordinates": [144.99369952, -37.86928365]}, "properties": {"stop_id": "vic:rail:BCV_EN3", "stop_name": "Carlisle St", "full_name": "Carlisle St", "is_interchange": false, "mode": "Metro Train"}}, {"type": "Feature", "geometry": {"type": "Point", "coordinates": [145.35529128, -37.9091021]}, "properties": {"stop_id": "vic:rail:BEG", "stop_name": "Belgrave", "full_name": "Belgrave Railway Station", "is_interchange": false, "mode": "Metro Train"}}, {"type": "Feature", "geometry": {"type": "Point", "coordinates": [145.35462473, -37.9094082]}, "properties": {"stop_id": "vic:rail:BEG_EN1", "stop_name": "Blacksmiths Way", "full_name": "Blacksmiths Way", "is_interchange": false, "mode": "Metro Train"}}, {"type": "Feature", "geometry": {"type": "Point", "coordinates": [145.35514781, -37.90941552]}, "properties": {"stop_id": "vic:rail:BEG_EN2", "stop_name": "Belgrave-Gembrook Rd", "full_name": "Belgrave-Gembrook Rd", "is_interchange": false, "mode": "Metro Train"}}, {"type": "Feature", "geometry": {"type": "Point", "coordinates": [145.0002467, -37.74595119]}, "properties": {"stop_id": "vic:rail:BEL", "stop_name": "Bell", "full_name": "Bell Railway Station", "is_interchange": false, "mode": "Metro Train"}}, {"type": "Feature", "geometry": {"type": "Point", "coordinates": [145.00023512, -37.74596]}, "properties": {"stop_id": "vic:rail:BEL_CN1", "stop_name": "Concourse", "full_name": "Concourse", "is_interchange": false, "mode": "Metro Train"}}, {"type": "Feature", "geometry": {"type": "Point", "coordinates": [145.00027497, -37.7457444]}, "properties": {"stop_id": "vic:rail:BEL_EN1", "stop_name": "Bell St", "full_name": "Bell St", "is_interchange": false, "mode": "Metro Train"}}, {"type": "Feature", "geometry": {"type": "Point", "coordinates": [145.00020831, -37.74611275]}, "properties": {"stop_id": "vic:rail:BEL_EN2", "stop_name": "Railway Pl", "full_name": "Railway Pl", "is_interchange": false, "mode": "Metro Train"}}, {"type": "Feature", "geometry": {"type": "Point", "coordinates": [145.00049055, -37.74532449]}, "properties": {"stop_id": "vic:rail:BEL_KR1", "stop_name": "Kiss & Ride", "full_name": "Kiss & Ride", "is_interchange": false, "mode": "Metro Train"}}, {"type": "Feature", "geometry": {"type": "Point", "coordinates": [145.00013545, -37.74586819]}, "properties": {"stop_id": "vic:rail:BEL_LI3", "stop_name": "Lift 3", "full_name": "Lift 3", "is_interchange": false, "mode": "Metro Train"}}, {"type": "Feature", "geometry": {"type": "Point", "coordinates": [145.00013157, -37.74601232]}, "properties": {"stop_id": "vic:rail:BEL_LI4", "stop_name": "Lift 4", "full_name": "Lift 4", "is_interchange": false, "mode": "Metro Train"}}, {"type": "Feature", "geometry": {"type": "Point", "coordinates": [145.03699513, -37.91742457]}, "properties": {"stop_id": "vic:rail:BEN", "stop_name": "Bentleigh", "full_name": "Bentleigh Railway Station", "is_interchange": false, "mode": "Metro Train"}}, {"type": "Feature", "geometry": {"type": "Point", "coordinates": [145.03692128, -37.91806317]}, "properties": {"stop_id": "vic:rail:BEN_EN1", "stop_name": "Centre Rd", "full_name": "Centre Rd", "is_interchange": false, "mode": "Metro Train"}}, {"type": "Feature", "geometry": {"type": "Point", "coordinates": [145.34541666, -38.03998037]}, "properties": {"stop_id": "vic:rail:BEW", "stop_name": "Berwick", "full_name": "Berwick Railway Station", "is_interchange": false, "mode": "Metro Train"}}, {"type": "Feature", "geometry": {"type": "Point", "coordinates": [145.34439648, -38.03923604]}, "properties": {"stop_id": "vic:rail:BEW_EN1", "stop_name": "Clyde Rd", "full_name": "Clyde Rd", "is_interchange": false, "mode": "Metro Train"}}, {"type": "Feature", "geometry": {"type": "Point", "coordinates": [145.34486291, -38.03926965]}, "properties": {"stop_id": "vic:rail:BEW_EN2", "stop_name": "Melville Park Dr", "full_name": "Melville Park Dr", "is_interchange": false, "mode": "Metro Train"}}, {"type": "Feature", "geometry": {"type": "Point", "coordinates": [145.36607374, -38.05083135]}, "properties": {"stop_id": "vic:rail:BFD", "stop_name": "Beaconsfield", "full_name": "Beaconsfield Railway Station", "is_interchange": false, "mode": "Metro Train"}}, {"type": "Feature", "geometry": {"type": "Point", "coordinates": [145.36566078, -38.05095178]}, "properties": {"stop_id": "vic:rail:BFD_EN1", "stop_name": "Kenilworth Ave", "full_name": "Kenilworth Ave", "is_interchange": false, "mode": "Metro Train"}}, {"type": "Feature", "geometry": {"type": "Point", "coordinates": [145.36558844, -38.05061733]}, "properties": {"stop_id": "vic:rail:BFD_EN2", "stop_name": "Beaconsfield Ave", "full_name": "Beaconsfield Ave", "is_interchange": false, "mode": "Metro Train"}}, {"type": "Feature", "geometry": {"type": "Point", "coordinates": [145.17802653, -38.33739032]}, "properties": {"stop_id": "vic:rail:BIT", "stop_name": "Bittern", "full_name": "Bittern Railway Station", "is_interchange": false, "mode": "Metro Train"}}, {"type": "Feature", "geometry": {"type": "Point", "coordinates": [145.17795279, -38.33713686]}, "properties": {"stop_id": "vic:rail:BIT_EN1", "stop_name": "Frankston-Flinders", "full_name": "Frankston-Flinders", "is_interchange": false, "mode": "Metro Train"}}, {"type": "Feature", "geometry": {"type": "Point", "coordinates": [145.00755515, -37.82756022]}, "properties": {"stop_id": "vic:rail:BLY", "stop_name": "Burnley", "full_name": "Burnley Railway Station", "is_interchange": false, "mode": "Metro Train"}}, {"type": "Feature", "geometry": {"type": "Point", "coordinates": [145.00753434, -37.82791132]}, "properties": {"stop_id": "vic:rail:BLY_EN1", "stop_name": "Madden Grove", "full_name": "Madden Grove", "is_interchange": false, "mode": "Metro Train"}}, {"type": "Feature", "geometry": {"type": "Point", "coordinates": [145.00747977, -37.82740574]}, "properties": {"stop_id": "vic:rail:BLY_EN2", "stop_name": "Burnley St", "full_name": "Burnley St", "is_interchange": false, "mode": "Metro Train"}}, {"type": "Feature", "geometry": {"type": "Point", "coordinates": [144.91961322, -37.68304926]}, "properties": {"stop_id": "vic:rail:BMS", "stop_name": "Broadmeadows", "full_name": "Broadmeadows Railway Station", "is_interchange": false, "mode": "Metro Train"}}, {"type": "Feature", "geometry": {"type": "Point", "coordinates": [144.91951548, -37.6824888]}, "properties": {"stop_id": "vic:rail:BMS_EN1", "stop_name": "Pascoe Vale Rd", "full_name": "Pascoe Vale Rd", "is_interchange": false, "mode": "Metro Train"}}, {"type": "Feature", "geometry": {"type": "Point", "coordinates": [144.91951828, -37.68360632]}, "properties": {"stop_id": "vic:rail:BMS_EN5", "stop_name": "Railway Cres", "full_name": "Railway Cres", "is_interchange": false, "mode": "Metro Train"}}, {"type": "Feature", "geometry": {"type": "Point", "coordinates": [145.1201058, -38.06547485]}, "properties": {"stop_id": "vic:rail:BON", "stop_name": "Bonbeach", "full_name": "Bonbeach Railway Station", "is_interchange": false, "mode": "Metro Train"}}, {"type": "Feature", "geometry": {"type": "Point", "coordinates": [145.28470457, -37.86040238]}, "properties": {"stop_id": "vic:rail:BOR", "stop_name": "Boronia", "full_name": "Boronia Railway Station", "is_interchange": false, "mode": "Metro Train"}}, {"type": "Feature", "geometry": {"type": "Point", "coordinates": [145.12142893, -37.81922165]}, "properties": {"stop_id": "vic:rail:BOX", "stop_name": "Box Hill", "full_name": "Box Hill Railway Station", "is_interchange": false, "mode": "Metro Train"}}, {"type": "Feature", "geometry": {"type": "Point", "coordinates": [145.12172464, -37.81920835]}, "properties": {"stop_id": "vic:rail:BOX_EN1", "stop_name": "Boxhill Central", "full_name": "Boxhill Central", "is_interchange": false, "mode": "Metro Train"}}, {"type": "Feature", "geometry": {"type": "Point", "coordinates": [145.08051107, -37.85156328]}, "properties": {"stop_id": "vic:rail:BWD", "stop_name": "Burwood", "full_name": "Burwood Railway Station", "is_interchange": false, "mode": "Metro Train"}}, {"type": "Feature", "geometry": {"type": "Point", "coordinates": [145.08032743, -37.85163238]}, "properties": {"stop_id": "vic:rail:BWD_EN1", "stop_name": "Bardolph St", "full_name": "Bardolph St", "is_interchange": false, "mode": "Metro Train"}}, {"type": "Feature", "geometry": {"type": "Point", "coordinates": [145.08068241, -37.85153003]}, "properties": {"stop_id": "vic:rail:BWD_EN2", "stop_name": "Trent St", "full_name": "Trent St", "is_interchange": false, "mode": "Metro Train"}}, {"type": "Feature", "geometry": {"type": "Point", "coordinates": [144.95958654, -37.76772055]}, "properties": {"stop_id": "vic:rail:BWK", "stop_name": "Brunswick", "full_name": "Brunswick Railway Station", "is_interchange": false, "mode": "Metro Train"}}, {"type": "Feature", "geometry": {"type": "Point", "coordinates": [144.95981496, -37.76767043]}, "properties": {"stop_id": "vic:rail:BWK_EN1", "stop_name": "Wilkinson St", "full_name": "Wilkinson St", "is_interchange": false, "mode": "Metro Train"}}, {"type": "Feature", "geometry": {"type": "Point", "coordinates": [145.16052609, -38.19404306]}, "properties": {"stop_id": "vic:rail:BXR", "stop_name": "Baxter", "full_name": "Baxter Railway Station", "is_interchange": false, "mode": "Metro Train"}}, {"type": "Feature", "geometry": {"type": "Point", "coordinates": [145.16041081, -38.19408631]}, "properties": {"stop_id": "vic:rail:BXR_EN1", "stop_name": "Baxter-Tooradin Rd", "full_name": "Baxter-Tooradin Rd", "is_interchange": false, "mode": "Metro Train"}}, {"type": "Feature", "geometry": {"type": "Point", "coordinates": [145.05869718, -37.82656714]}, "properties": {"stop_id": "vic:rail:CAM", "stop_name": "Camberwell", "full_name": "Camberwell Railway Station", "is_interchange": false, "mode": "Metro Train"}}, {"type": "Feature", "geometry": {"type": "Point", "coordinates": [145.05893357, -37.82708472]}, "properties": {"stop_id": "vic:rail:CAM_EN1", "stop_name": "Railway Walk", "full_name": "Railway Walk", "is_interchange": false, "mode": "Metro Train"}}, {"type": "Feature", "geometry": {"type": "Point", "coordinates": [145.05777042, -37.82638063]}, "properties": {"stop_id": "vic:rail:CAM_EN2", "stop_name": "Burke Rd", "full_name": "Burke Rd", "is_interchange": false, "mode": "Metro Train"}}, {"type": "Feature", "geometry": {"type": "Point", "coordinates": [145.05864512, -37.82638605]}, "properties": {"stop_id": "vic:rail:CAM_EN3", "stop_name": "Cookson St", "full_name": "Cookson St", "is_interchange": false, "mode": "Metro Train"}}, {"type": "Feature", "geometry": {"type": "Point", "coordinates": [145.1228096, -38.07653027]}, "properties": {"stop_id": "vic:rail:CAR", "stop_name": "Carrum", "full_name": "Carrum Railway Station", "is_interchange": false, "mode": "Metro Train"}}, {"type": "Feature", "geometry": {"type": "Point", "coordinates": [145.12290387, -38.0768562]}, "properties": {"stop_id": "vic:rail:CAR_EN1", "stop_name": "McLeod Rd", "full_name": "McLeod Rd", "is_interchange": false, "mode": "Metro Train"}}, {"type": "Feature", "geometry": {"type": "Point", "coordinates": [145.12279774, -38.07654811]}, "properties": {"stop_id": "vic:rail:CAR_PR1", "stop_name": "Park & Ride1", "full_name": "Park & Ride1", "is_interchange": false, "mode": "Metro Train"}}, {"type": "Feature", "geometry": {"type": "Point", "coordinates": [145.28059898, -38.09953731]}, "properties": {"stop_id": "vic:rail:CBE", "stop_name": "Cranbourne", "full_name": "Cranbourne Railway Station", "is_interchange": false, "mode": "Metro Train"}}, {"type": "Feature", "geometry": {"type": "Point", "coordinates": [145.08122424, -37.82448518]}, "properties": {"stop_id": "vic:rail:CBY", "stop_name": "Canterbury", "full_name": "Canterbury Railway Station", "is_interchange": false, "mode": "Metro Train"}}, {"type": "Feature", "geometry": {"type": "Point", "coordinates": [145.08170215, -37.82445692]}, "properties": {"stop_id": "vic:rail:CBY_EN1", "stop_name": "Mailing Rd", "full_name": "Mailing Rd", "is_interchange": false, "mode": "Metro Train"}}, {"type": "Feature", "geometry": {"type": "Point", "coordinates": [145.08202479, -37.82428194]}, "properties": {"stop_id": "vic:rail:CBY_EN2", "stop_name": "Canterbury Rd", "full_name": "Canterbury Rd", "is_interchange": false, "mode": "Metro Train"}}, {"type": "Feature", "geometry": {"type": "Point", "coordinates": [145.43779101, -38.07129047]}, "properties": {"stop_id": "vic:rail:CDA", "stop_name": "Cardinia Road", "full_name": "Cardinia Road Railway Station", "is_interchange": false, "mode": "Metro Train"}}, {"type": "Feature", "geometry": {"type": "Point", "coordinates": [145.43817332, -38.07153888]}, "properties": {"stop_id": "vic:rail:CDA_EN1", "stop_name": "Platform 1", "full_name": "Platform 1", "is_interchange": false, "mode": "Metro Train"}}, {"type": "Feature", "geometry": {"type": "Point", "coordinates": [145.43846705, -38.07112823]}, "properties": {"stop_id": "vic:rail:CDA_EN3", "stop_name": "The Parkway", "full_name": "The Parkway", "is_interchange": false, "mode": "Metro Train"}}, {"type": "Feature", "geometry": {"type": "Point", "coordinates": [145.28048737, -37.79530018]}, "properties": {"stop_id": "vic:rail:CDN", "stop_name": "Croydon", "full_name": "Croydon Railway Station", "is_interchange": false, "mode": "Metro Train"}}, {"type": "Feature", "geometry": {"type": "Point", "coordinates": [145.28133962, -37.79478991]}, "properties": {"stop_id": "vic:rail:CDN_EN1", "stop_name": "Kent Ave", "full_name": "Kent Ave", "is_interchange": false, "mode": "Metro Train"}}, {"type": "Feature", "geometry": {"type": "Point", "coordinates": [145.28009927, -37.79538463]}, "properties": {"stop_id": "vic:rail:CDN_EN2", "stop_name": "Wicklow Ave", "full_name": "Wicklow Ave", "is_interchange": false, "mode": "Metro Train"}}, {"type": "Feature", "geometry": {"type": "Point", "coordinates": [145.28025404, -37.79556713]}, "properties": {"stop_id": "vic:rail:CDN_EN3", "stop_name": "Pierson Dr", "full_name": "Pierson Dr", "is_interchange": false, "mode": "Metro Train"}}, {"type": "Feature", "geometry": {"type": "Point", "coordinates": [145.04252478, -37.87745946]}, "properties": {"stop_id": "vic:rail:CFD", "stop_name": "Caulfield", "full_name": "Caulfield Railway Station", "is_interchange": true, "mode": "Metro Train"}}, {"type": "Feature", "geometry": {"type": "Point", "coordinates": [145.04175439, -37.87735653]}, "properties": {"stop_id": "vic:rail:CFD_EN1", "stop_name": "Normanby Rd", "full_name": "Normanby Rd", "is_interchange": false, "mode": "Metro Train"}}, {"type": "Feature", "geometry": {"type": "Point", "coordinates": [145.04234304, -37.87702387]}, "properties": {"stop_id": "vic:rail:CFD_EN4", "stop_name": "Sir John Monash Dr", "full_name": "Sir John Monash Dr", "is_interchange": false, "mode": "Metro Train"}}, {"type": "Feature", "geometry": {"type": "Point", "coordinates": [144.94330601, -37.6019248]}, "properties": {"stop_id": "vic:rail:CGB", "stop_name": "Craigieburn", "full_name": "Craigieburn Railway Station", "is_interchange": false, "mode": "Metro Train"}}, {"type": "Feature", "geometry": {"type": "Point", "coordinates": [144.94280067, -37.60217734]}, "properties": {"stop_id": "vic:rail:CGB_EN1", "stop_name": "Hothlyn Dr", "full_name": "Hothlyn Dr", "is_interchange": false, "mode": "Metro Train"}}, {"type": "Feature", "geometry": {"type": "Point", "coordinates": [144.94355121, -37.60165871]}, "properties": {"stop_id": "vic:rail:CGB_EN3", "stop_name": "Potter St", "full_name": "Potter St", "is_interchange": false, "mode": "Metro Train"}}, {"type": "Feature", "geometry": {"type": "Point", "coordinates": [144.9954167, -37.78865745]}, "properties": {"stop_id": "vic:rail:CHL", "stop_name": "Clifton Hill", "full_name": "Clifton Hill Railway Station", "is_interchange": false, "mode": "Metro Train"}}, {"type": "Feature", "geometry": {"type": "Point", "coordinates": [144.99572593, -37.78814003]}, "properties": {"stop_id": "vic:rail:CHL_DP1", "stop_name": "Ramp", "full_name": "Ramp", "is_interchange": false, "mode": "Metro Train"}}, {"type": "Feature", "geometry": {"type": "Point", "coordinates": [144.9953067, -37.78810586]}, "properties": {"stop_id": "vic:rail:CHL_DP2", "stop_name": "Underpass", "full_name": "Underpass", "is_interchange": false, "mode": "Metro Train"}}, {"type": "Feature", "geometry": {"type": "Point", "coordinates": [144.99564809, -37.78849918]}, "properties": {"stop_id": "vic:rail:CHL_EN1", "stop_name": "John St", "full_name": "John St", "is_interchange": false, "mode": "Metro Train"}}, {"type": "Feature", "geometry": {"type": "Point", "coordinates": [144.99522496, -37.78860913]}, "properties": {"stop_id": "vic:rail:CHL_EN2", "stop_name": "Hoddle St", "full_name": "Hoddle St", "is_interchange": false, "mode": "Metro Train"}}, {"type": "Feature", "geometry": {"type": "Point", "coordinates": [145.08864793, -37.82429952]}, "properties": {"stop_id": "vic:rail:CHM", "stop_name": "Chatham", "full_name": "Chatham Railway Station", "is_interchange": false, "mode": "Metro Train"}}, {"type": "Feature", "geometry": {"type": "Point", "coordinates": [145.08864956, -37.82423646]}, "properties": {"stop_id": "vic:rail:CHM_DP1", "stop_name": "Decision point", "full_name": "Decision point", "is_interchange": false, "mode": "Metro Train"}}, {"type": "Feature", "geometry": {"type": "Point", "coordinates": [145.08884747, -37.82449201]}, "properties": {"stop_id": "vic:rail:CHM_EN1", "stop_name": "Stanley Terrace", "full_name": "Stanley Terrace", "is_interchange": false, "mode": "Metro Train"}}, {"type": "Feature", "geometry": {"type": "Point", "coordinates": [145.08868851, -37.82404784]}, "properties": {"stop_id": "vic:rail:CHM_EN2", "stop_name": "Junction Rd", "full_name": "Junction Rd", "is_interchange": false, "mode": "Metro Train"}}, {"type": "Feature", "geometry": {"type": "Point", "coordinates": [145.12053436, -37.92468255]}, "properties": {"stop_id": "vic:rail:CLA", "stop_name": "Clayton", "full_name": "Clayton Railway Station", "is_interchange": false, "mode": "Metro Train"}}, {"type": "Feature", "geometry": {"type": "Point", "coordinates": [145.12029335, -37.92431823]}, "properties": {"stop_id": "vic:rail:CLA_EN1", "stop_name": "Clayton Rd", "full_name": "Clayton Rd", "is_interchange": false, "mode": "Metro Train"}}, {"type": "Feature", "geometry": {"type": "Point", "coordinates": [144.92604123, -37.66111042]}, "properties": {"stop_id": "vic:rail:CLO", "stop_name": "Coolaroo", "full_name": "Coolaroo Railway Station", "is_interchange": false, "mode": "Metro Train"}}, {"type": "Feature", "geometry": {"type": "Point", "coordinates": [144.92643368, -37.66045044]}, "properties": {"stop_id": "vic:rail:CLO_EN1", "stop_name": "Longford Cres", "full_name": "Longford Cres", "is_interchange": false, "mode": "Metro Train"}}, {"type": "Feature", "geometry": {"type": "Point", "coordinates": [145.05857506, -37.88624148]}, "properties": {"stop_id": "vic:rail:CNE", "stop_name": "Carnegie", "full_name": "Carnegie Railway Station", "is_interchange": false, "mode": "Metro Train"}}, {"type": "Feature", "geometry": {"type": "Point", "coordinates": [145.05785617, -37.88590519]}, "properties": {"stop_id": "vic:rail:CNE_EN1", "stop_name": "Koornang Rd", "full_name": "Koornang Rd", "is_interchange": false, "mode": "Metro Train"}}, {"type": "Feature", "geometry": {"type": "Point", "coordinates": [145.05860916, -37.88624204]}, "properties": {"stop_id": "vic:rail:CNE_EN2", "stop_name": "Djerring Trail", "full_name": "Djerring Trail", "is_interchange": false, "mode": "Metro Train"}}, {"type": "Feature", "geometry": {"type": "Point", "coordinates": [144.96335115, -37.74180457]}, "properties": {"stop_id": "vic:rail:COB", "stop_name": "Coburg", "full_name": "Coburg Railway Station", "is_interchange": false, "mode": "Metro Train"}}, {"type": "Feature", "geometry": {"type": "Point", "coordinates": [144.96334572, -37.74200273]}, "properties": {"stop_id": "vic:rail:COB_EN2", "stop_name": "Victoria St", "full_name": "Victoria St", "is_interchange": false, "mode": "Metro Train"}}, {"type": "Feature", "geometry": {"type": "Point", "coordinates": [145.20404332, -38.36612338]}, "properties": {"stop_id": "vic:rail:CPT", "stop_name": "Crib Point", "full_name": "Crib Point Railway Station", "is_interchange": false, "mode": "Metro Train"}}, {"type": "Feature", "geometry": {"type": "Point", "coordinates": [145.20414086, -38.36588157]}, "properties": {"stop_id": "vic:rail:CPT_EN1", "stop_name": "Stony Point Rd", "full_name": "Stony Point Rd", "is_interchange": false, "mode": "Metro Train"}}, {"type": "Feature", "geometry": {"type": "Point", "coordinates": [145.1166795, -38.05329032]}, "properties": {"stop_id": "vic:rail:CSA", "stop_name": "Chelsea", "full_name": "Chelsea Railway Station", "is_interchange": false, "mode": "Metro Train"}}, {"type": "Feature", "geometry": {"type": "Point", "coordinates": [145.05455793, -37.96664989]}, "properties": {"stop_id": "vic:rail:CTM", "stop_name": "Cheltenham", "full_name": "Cheltenham Railway Station", "is_interchange": false, "mode": "Metro Train"}}, {"type": "Feature", "geometry": {"type": "Point", "coordinates": [145.05465629, -37.96680472]}, "properties": {"stop_id": "vic:rail:CTM_EN1", "stop_name": "Charman Rd", "full_name": "Charman Rd", "is_interchange": false, "mode": "Metro Train"}}, {"type": "Feature", "geometry": {"type": "Point", "coordinates": [144.99374967, -37.80452593]}, "properties": {"stop_id": "vic:rail:CWD", "stop_name": "Collingwood", "full_name": "Collingwood Railway Station", "is_interchange": false, "mode": "Metro Train"}}, {"type": "Feature", "geometry": {"type": "Point", "coordinates": [144.99393838, -37.8042678]}, "properties": {"stop_id": "vic:rail:CWD_EN1", "stop_name": "Stanton St", "full_name": "Stanton St", "is_interchange": false, "mode": "Metro Train"}}, {"type": "Feature", "geometry": {"type": "Point", "coordinates": [144.99384502, -37.80477988]}, "properties": {"stop_id": "vic:rail:CWD_EN2", "stop_name": "Gipps St", "full_name": "Gipps St", "is_interchange": false, "mode": "Metro Train"}}, {"type": "Feature", "geometry": {"type": "Point", "coordinates": [144.99705619, -37.764101]}, "properties": {"stop_id": "vic:rail:CXT", "stop_name": "Croxton", "full_name": "Croxton Railway Station", "is_interchange": false, "mode": "Metro Train"}}, {"type": "Feature", "geometry": {"type": "Point", "coordinates": [144.99737875, -37.76392625]}, "properties": {"stop_id": "vic:rail:CXT_EN1", "stop_name": "Stott St", "full_name": "Stott St", "is_interchange": false, "mode": "Metro Train"}}, {"type": "Feature", "geometry": {"type": "Point", "coordinates": [144.99673613, -37.76376212]}, "properties": {"stop_id": "vic:rail:CXT_EN3", "stop_name": "Spencer St", "full_name": "Spencer St", "is_interchange": false, "mode": "Metro Train"}}, {"type": "Feature", "geometry": {"type": "Point", "coordinates": [144.99680114, -37.76471848]}, "properties": {"stop_id": "vic:rail:CXT_EN5", "stop_name": "Railway Parade", "full_name": "Railway Parade", "is_interchange": false, "mode": "Metro Train"}}, {"type": "Feature", "geometry": {"type": "Point", "coordinates": [145.03847598, -37.77496341]}, "properties": {"stop_id": "vic:rail:DBN", "stop_name": "Darebin", "full_name": "Darebin Railway Station", "is_interchange": false, "mode": "Metro Train"}}, {"type": "Feature", "geometry": {"type": "Point", "coordinates": [145.03870366, -37.77494017]}, "properties": {"stop_id": "vic:rail:DBN_EN1", "stop_name": "Heidelberg Rd", "full_name": "Heidelberg Rd", "is_interchange": false, "mode": "Metro Train"}}, {"type": "Feature", "geometry": {"type": "Point", "coordinates": [145.03835352, -37.77487125]}, "properties": {"stop_id": "vic:rail:DBN_EN2", "stop_name": "Salisbury Ave", "full_name": "Salisbury Ave", "is_interchange": false, "mode": "Metro Train"}}, {"type": "Feature", "geometry": {"type": "Point", "coordinates": [145.15853819, -37.67337905]}, "properties": {"stop_id": "vic:rail:DCK", "stop_name": "Diamond Creek", "full_name": "Diamond Creek Railway Station", "is_interchange": false, "mode": "Metro Train"}}, {"type": "Feature", "geometry": {"type": "Point", "coordinates": [145.15795125, -37.67373037]}, "properties": {"stop_id": "vic:rail:DCK_EN3", "stop_name": "Main Hurstbridge Rd", "full_name": "Main Hurstbridge Rd", "is_interchange": false, "mode": "Metro Train"}}, {"type": "Feature", "geometry": {"type": "Point", "coordinates": [145.00824163, -37.77918729]}, "properties": {"stop_id": "vic:rail:DEN", "stop_name": "Dennis", "full_name": "Dennis Railway Station", "is_interchange": false, "mode": "Metro Train"}}, {"type": "Feature", "geometry": {"type": "Point", "coordinates": [145.00788642, -37.77930745]}, "properties": {"stop_id": "vic:rail:DEN_EN1", "stop_name": "Cain Ave", "full_name": "Cain Ave", "is_interchange": false, "mode": "Metro Train"}}, {"type": "Feature", "geometry": {"type": "Point", "coordinates": [145.0078705, -37.77905484]}, "properties": {"stop_id": "vic:rail:DEN_EN3", "stop_name": "South Cres", "full_name": "South Cres", "is_interchange": false, "mode": "Metro Train"}}, {"type": "Feature", "geometry": {"type": "Point", "coordinates": [145.01092435, -37.77907041]}, "properties": {"stop_id": "vic:rail:DEN_PR4", "stop_name": "Park & Ride 4", "full_name": "Park & Ride 4", "is_interchange": false, "mode": "Metro Train"}}, {"type": "Feature", "geometry": {"type": "Point", "coordinates": [145.06295083, -37.86895684]}, "properties": {"stop_id": "vic:rail:DLG", "stop_name": "Darling", "full_name": "Darling Railway Station", "is_interchange": false, "mode": "Metro Train"}}, {"type": "Feature", "geometry": {"type": "Point", "coordinates": [145.06276831, -37.86898088]}, "properties": {"stop_id": "vic:rail:DLG_EN1", "stop_name": "Clynden Ave", "full_name": "Clynden Ave", "is_interchange": false, "mode": "Metro Train"}}, {"type": "Feature", "geometry": {"type": "Point", "coordinates": [145.06346708, -37.86834352]}, "properties": {"stop_id": "vic:rail:DLG_EN3", "stop_name": "Moira St", "full_name": "Moira St", "is_interchange": false, "mode": "Metro Train"}}, {"type": "Feature", "geometry": {"type": "Point", "coordinates": [145.20972537, -37.98996792]}, "properties": {"stop_id": "vic:rail:DNG", "stop_name": "Dandenong", "full_name": "Dandenong Railway Station", "is_interchange": false, "mode": "Metro Train"}}, {"type": "Feature", "geometry": {"type": "Point", "coordinates": [145.20973566, -37.99001313]}, "properties": {"stop_id": "vic:rail:DNG_DP6", "stop_name": "Decision point 6", "full_name": "Decision point 6", "is_interchange": false, "mode": "Metro Train"}}, {"type": "Feature", "geometry": {"type": "Point", "coordinates": [145.20981446, -37.99005038]}, "properties": {"stop_id": "vic:rail:DNG_DP7", "stop_name": "Decision point 7", "full_name": "Decision point 7", "is_interchange": false, "mode": "Metro Train"}}, {"type": "Feature", "geometry": {"type": "Point", "coordinates": [145.20998717, -37.9899719]}, "properties": {"stop_id": "vic:rail:DNG_DP8", "stop_name": "Decision point 8", "full_name": "Decision point 8", "is_interchange": false, "mode": "Metro Train"}}, {"type": "Feature", "geometry": {"type": "Point", "coordinates": [145.20965729, -37.99042648]}, "properties": {"stop_id": "vic:rail:DNG_EN1", "stop_name": "Cheltenham Rd", "full_name": "Cheltenham Rd", "is_interchange": false, "mode": "Metro Train"}}, {"type": "Feature", "geometry": {"type": "Point", "coordinates": [145.21032712, -37.98957154]}, "properties": {"stop_id": "vic:rail:DNG_EN3", "stop_name": "Foster St", "full_name": "Foster St", "is_interchange": false, "mode": "Metro Train"}}, {"type": "Feature", "geometry": {"type": "Point", "coordinates": [145.20984182, -37.98986155]}, "properties": {"stop_id": "vic:rail:DNG_EN5", "stop_name": "Ruddock St", "full_name": "Ruddock St", "is_interchange": false, "mode": "Metro Train"}}, {"type": "Feature", "geometry": {"type": "Point", "coordinates": [144.71982218, -37.62696051]}, "properties": {"stop_id": "vic:rail:DRT", "stop_name": "Diggers Rest", "full_name": "Diggers Rest Railway Station", "is_interchange": false, "mode": "Metro Train"}}, {"type": "Feature", "geometry": {"type": "Point", "coordinates": [144.72005667, -37.62707318]}, "properties": {"stop_id": "vic:rail:DRT_EN1", "stop_name": "Old Calder Hwy", "full_name": "Old Calder Hwy", "is_interchange": false, "mode": "Metro Train"}}, {"type": "Feature", "geometry": {"type": "Point", "coordinates": [144.71989185, -37.62764674]}, "properties": {"stop_id": "vic:rail:DRT_EN5", "stop_name": "Golden Way", "full_name": "Golden Way", "is_interchange": false, "mode": "Metro Train"}}, {"type": "Feature", "geometry": {"type": "Point", "coordinates": [144.71982969, -37.62745629]}, "properties": {"stop_id": "vic:rail:DRT_KR2", "stop_name": "Kiss & Ride 2", "full_name": "Kiss & Ride 2", "is_interchange": false, "mode": "Metro Train"}}, {"type": "Feature", "geometry": {"type": "Point", "coordinates": [145.05394269, -37.76358553]}, "properties": {"stop_id": "vic:rail:EAG", "stop_name": "Eaglemont", "full_name": "Eaglemont Railway Station", "is_interchange": false, "mode": "Metro Train"}}, {"type": "Feature", "geometry": {"type": "Point", "coordinates": [145.05414599, -37.76362494]}, "properties": {"stop_id": "vic:rail:EAG_EN1", "stop_name": "Silverdale Rd", "full_name": "Silverdale Rd", "is_interchange": false, "mode": "Metro Train"}}, {"type": "Feature", "geometry": {"type": "Point", "coordinates": [145.05350773, -37.76372254]}, "properties": {"stop_id": "vic:rail:EAG_EN2", "stop_name": "Sherwood Rd", "full_name": "Sherwood Rd", "is_interchange": false, "mode": "Metro Train"}}, {"type": "Feature", "geometry": {"type": "Point", "coordinates": [145.06819025, -37.82589419]}, "properties": {"stop_id": "vic:rail:ECM", "stop_name": "East Camberwell", "full_name": "East Camberwell Railway Station", "is_interchange": false, "mode": "Metro Train"}}, {"type": "Feature", "geometry": {"type": "Point", "coordinates": [145.06882519, -37.82550808]}, "properties": {"stop_id": "vic:rail:ECM_DP3", "stop_name": "Decision Point 3", "full_name": "Decision Point 3", "is_interchange": false, "mode": "Metro Train"}}, {"type": "Feature", "geometry": {"type": "Point", "coordinates": [145.06904622, -37.82574602]}, "properties": {"stop_id": "vic:rail:ECM_EN1", "stop_name": "Warburton Rd", "full_name": "Warburton Rd", "is_interchange": false, "mode": "Metro Train"}}, {"type": "Feature", "geometry": {"type": "Point", "coordinates": [145.06870364, -37.82581249]}, "properties": {"stop_id": "vic:rail:ECM_EN2", "stop_name": "The Mews", "full_name": "The Mews", "is_interchange": false, "mode": "Metro Train"}}, {"type": "Feature", "geometry": {"type": "Point", "coordinates": [145.06834563, -37.82559935]}, "properties": {"stop_id": "vic:rail:ECM_EN3", "stop_name": "Sefton Pl", "full_name": "Sefton Pl", "is_interchange": false, "mode": "Metro Train"}}, {"type": "Feature", "geometry": {"type": "Point", "coordinates": [145.06898536, -37.82546565]}, "properties": {"stop_id": "vic:rail:ECM_EN4", "stop_name": "Boroondara Park", "full_name": "Boroondara Park", "is_interchange": false, "mode": "Metro Train"}}, {"type": "Feature", "geometry": {"type": "Point", "coordinates": [145.10758338, -38.03653574]}, "properties": {"stop_id": "vic:rail:EDI", "stop_name": "Edithvale", "full_name": "Edithvale Railway Station", "is_interchange": false, "mode": "Metro Train"}}, {"type": "Feature", "geometry": {"type": "Point", "coordinates": [145.00089787, -37.88475311]}, "properties": {"stop_id": "vic:rail:ELS", "stop_name": "Elsternwick", "full_name": "Elsternwick Railway Station", "is_interchange": false, "mode": "Metro Train"}}, {"type": "Feature", "geometry": {"type": "Point", "coordinates": [145.00054564, -37.88432358]}, "properties": {"stop_id": "vic:rail:ELS_EN1", "stop_name": "Glen Huntly Rd", "full_name": "Glen Huntly Rd", "is_interchange": false, "mode": "Metro Train"}}, {"type": "Feature", "geometry": {"type": "Point", "coordinates": [145.14782202, -37.71354967]}, "properties": {"stop_id": "vic:rail:ELT", "stop_name": "Eltham", "full_name": "Eltham Railway Station", "is_interchange": false, "mode": "Metro Train"}}, {"type": "Feature", "geometry": {"type": "Point", "coordinates": [145.14845356, -37.71324417]}, "properties": {"stop_id": "vic:rail:ELT_BR1", "stop_name": "Bike & Ride 1", "full_name": "Bike & Ride 1", "is_interchange": false, "mode": "Metro Train"}}, {"type": "Feature", "geometry": {"type": "Point", "coordinates": [145.14806272, -37.7129947]}, "properties": {"stop_id": "vic:rail:ELT_DP4", "stop_name": "Decision Point 4", "full_name": "Decision Point 4", "is_interchange": false, "mode": "Metro Train"}}, {"type": "Feature", "geometry": {"type": "Point", "coordinates": [145.1479655, -37.71325453]}, "properties": {"stop_id": "vic:rail:ELT_DP5", "stop_name": "Decision Point 5", "full_name": "Decision Point 5", "is_interchange": false, "mode": "Metro Train"}}, {"type": "Feature", "geometry": {"type": "Point", "coordinates": [145.14812359, -37.71328405]}, "properties": {"stop_id": "vic:rail:ELT_EN1", "stop_name": "Main Rd", "full_name": "Main Rd", "is_interchange": false, "mode": "Metro Train"}}, {"type": "Feature", "geometry": {"type": "Point", "coordinates": [145.14809133, -37.71230122]}, "properties": {"stop_id": "vic:rail:ELT_EN3", "stop_name": "Diamond St", "full_name": "Diamond St", "is_interchange": false, "mode": "Metro Train"}}, {"type": "Feature", "geometry": {"type": "Point", "coordinates": [145.06939324, -37.87692101]}, "properties": {"stop_id": "vic:rail:EMV", "stop_name": "East Malvern", "full_name": "East Malvern Railway Station", "is_interchange": false, "mode": "Metro Train"}}, {"type": "Feature", "geometry": {"type": "Point", "coordinates": [145.0694695, -37.87704842]}, "properties": {"stop_id": "vic:rail:EMV_EN2", "stop_name": "Scotchamns Creek Trl", "full_name": "Scotchamns Creek Trl", "is_interchange": false, "mode": "Metro Train"}}, {"type": "Feature", "geometry": {"type": "Point", "coordinates": [145.50663267, -38.08430672]}, "properties": {"stop_id": "vic:rail:EPH", "stop_name": "East Pakenham", "full_name": "East Pakenham Railway Station", "is_interchange": false, "mode": "Metro Train"}}, {"type": "Feature", "geometry": {"type": "Point", "coordinates": [145.50685512, -38.08402116]}, "properties": {"stop_id": "vic:rail:EPH_EN1", "stop_name": "Pinehill Dr", "full_name": "Pinehill Dr", "is_interchange": false, "mode": "Metro Train"}}, {"type": "Feature", "geometry": {"type": "Point", "coordinates": [145.50654921, -38.0844859]}, "properties": {"stop_id": "vic:rail:EPH_EN2", "stop_name": "Sharnet Cct", "full_name": "Sharnet Cct", "is_interchange": false, "mode": "Metro Train"}}, {"type": "Feature", "geometry": {"type": "Point", "coordinates": [145.03107934, -37.65217784]}, "properties": {"stop_id": "vic:rail:EPP", "stop_name": "Epping", "full_name": "Epping Railway Station", "is_interchange": false, "mode": "Metro Train"}}, {"type": "Feature", "geometry": {"type": "Point", "coordinates": [145.03103116, -37.65228518]}, "properties": {"stop_id": "vic:rail:EPP_BR1", "stop_name": "Bike and Ride", "full_name": "Bike and Ride", "is_interchange": false, "mode": "Metro Train"}}, {"type": "Feature", "geometry": {"type": "Point", "coordinates": [145.03101088, -37.65219472]}, "properties": {"stop_id": "vic:rail:EPP_EN1", "stop_name": "Cooper St", "full_name": "Cooper St", "is_interchange": false, "mode": "Metro Train"}}, {"type": "Feature", "geometry": {"type": "Point", "coordinates": [145.03062534, -37.65262987]}, "properties": {"stop_id": "vic:rail:EPP_PR1", "stop_name": "Park and Ride 1", "full_name": "Park and Ride 1", "is_interchange": false, "mode": "Metro Train"}}, {"type": "Feature", "geometry": {"type": "Point", "coordinates": [145.02876115, -37.65240046]}, "properties": {"stop_id": "vic:rail:EPP_PR2", "stop_name": "Park and Ride 2", "full_name": "Park and Ride 2", "is_interchange": false, "mode": "Metro Train"}}, {"type": "Feature", "geometry": {"type": "Point", "coordinates": [145.03220345, -37.6516739]}, "properties": {"stop_id": "vic:rail:EPP_PR3", "stop_name": "Park and Ride 3", "full_name": "Park and Ride 3", "is_interchange": false, "mode": "Metro Train"}}, {"type": "Feature", "geometry": {"type": "Point", "coordinates": [145.03151686, -37.65149121]}, "properties": {"stop_id": "vic:rail:EPP_PR4", "stop_name": "Park and Ride 4", "full_name": "Park and Ride 4", "is_interchange": false, "mode": "Metro Train"}}, {"type": "Feature", "geometry": {"type": "Point", "coordinates": [144.99706569, -37.82639995]}, "properties": {"stop_id": "vic:rail:ERM", "stop_name": "East Richmond", "full_name": "East Richmond Railway Station", "is_interchange": false, "mode": "Metro Train"}}, {"type": "Feature", "geometry": {"type": "Point", "coordinates": [144.9968105, -37.82659387]}, "properties": {"stop_id": "vic:rail:ERM_EN1", "stop_name": "Adolph St", "full_name": "Adolph St", "is_interchange": false, "mode": "Metro Train"}}, {"type": "Feature", "geometry": {"type": "Point", "coordinates": [144.99763902, -37.82662599]}, "properties": {"stop_id": "vic:rail:ERM_EN2", "stop_name": "Church St", "full_name": "Church St", "is_interchange": false, "mode": "Metro Train"}}, {"type": "Feature", "geometry": {"type": "Point", "coordinates": [144.9161975, -37.7560117]}, "properties": {"stop_id": "vic:rail:ESD", "stop_name": "Essendon", "full_name": "Essendon Railway Station", "is_interchange": false, "mode": "Metro Train"}}, {"type": "Feature", "geometry": {"type": "Point", "coordinates": [144.91589321, -37.75593422]}, "properties": {"stop_id": "vic:rail:ESD_EN1", "stop_name": "Rose St", "full_name": "Rose St", "is_interchange": false, "mode": "Metro Train"}}, {"type": "Feature", "geometry": {"type": "Point", "coordinates": [144.91647859, -37.75610678]}, "properties": {"stop_id": "vic:rail:ESD_EN3", "stop_name": "Russell St", "full_name": "Russell St", "is_interchange": false, "mode": "Metro Train"}}, {"type": "Feature", "geometry": {"type": "Point", "coordinates": [144.96054503, -37.71462129]}, "properties": {"stop_id": "vic:rail:FAK", "stop_name": "Fawkner", "full_name": "Fawkner Railway Station", "is_interchange": false, "mode": "Metro Train"}}, {"type": "Feature", "geometry": {"type": "Point", "coordinates": [144.96062096, -37.71433422]}, "properties": {"stop_id": "vic:rail:FAK_EN1", "stop_name": "Sydney Rd", "full_name": "Sydney Rd", "is_interchange": false, "mode": "Metro Train"}}, {"type": "Feature", "geometry": {"type": "Point", "coordinates": [144.96037519, -37.71460934]}, "properties": {"stop_id": "vic:rail:FAK_EN2", "stop_name": "Upfield Shared-path", "full_name": "Upfield Shared-path", "is_interchange": false, "mode": "Metro Train"}}, {"type": "Feature", "geometry": {"type": "Point", "coordinates": [144.93932328, -37.78813995]}, "properties": {"stop_id": "vic:rail:FBD", "stop_name": "Flemington Bridge", "full_name": "Flemington Bridge Railway Station", "is_interchange": false, "mode": "Metro Train"}}, {"type": "Feature", "geometry": {"type": "Point", "coordinates": [144.93978103, -37.78801278]}, "properties": {"stop_id": "vic:rail:FBD_EN1", "stop_name": "Flemington Rd", "full_name": "Flemington Rd", "is_interchange": false, "mode": "Metro Train"}}, {"type": "Feature", "geometry": {"type": "Point", "coordinates": [145.0169053, -37.77917126]}, "properties": {"stop_id": "vic:rail:FFD", "stop_name": "Fairfield", "full_name": "Fairfield Railway Station", "is_interchange": false, "mode": "Metro Train"}}, {"type": "Feature", "geometry": {"type": "Point", "coordinates": [145.01689106, -37.77927916]}, "properties": {"stop_id": "vic:rail:FFD_EN1", "stop_name": "Railway Place", "full_name": "Railway Place", "is_interchange": false, "mode": "Metro Train"}}, {"type": "Feature", "geometry": {"type": "Point", "coordinates": [144.95566511, -37.8119815]}, "properties": {"stop_id": "vic:rail:FGS", "stop_name": "Flagstaff", "full_name": "Flagstaff Railway Station", "is_interchange": true, "mode": "Metro Train"}}, {"type": "Feature", "geometry": {"type": "Point", "coordinates": [144.95630582, -37.81222693]}, "properties": {"stop_id": "vic:rail:FGS_EN1", "stop_name": "Williams St", "full_name": "Williams St", "is_interchange": false, "mode": "Metro Train"}}, {"type": "Feature", "geometry": {"type": "Point", "coordinates": [144.95613981, -37.81165631]}, "properties": {"stop_id": "vic:rail:FGS_EN2", "stop_name": "La Trobe St", "full_name": "La Trobe St", "is_interchange": false, "mode": "Metro Train"}}, {"type": "Feature", "geometry": {"type": "Point", "coordinates": [145.12616228, -38.14299007]}, "properties": {"stop_id": "vic:rail:FKN", "stop_name": "Frankston", "full_name": "Frankston Railway Station", "is_interchange": false, "mode": "Metro Train"}}, {"type": "Feature", "geometry": {"type": "Point", "coordinates": [145.12610709, -38.14380924]}, "properties": {"stop_id": "vic:rail:FKN_BR2", "stop_name": "Bike & Ride 2", "full_name": "Bike & Ride 2", "is_interchange": false, "mode": "Metro Train"}}, {"type": "Feature", "geometry": {"type": "Point", "coordinates": [145.12556928, -38.14342217]}, "properties": {"stop_id": "vic:rail:FKN_EN1", "stop_name": "Young St", "full_name": "Young St", "is_interchange": false, "mode": "Metro Train"}}, {"type": "Feature", "geometry": {"type": "Point", "coordinates": [145.12611711, -38.14386346]}, "properties": {"stop_id": "vic:rail:FKN_EN3", "stop_name": "Fletcher Road", "full_name": "Fletcher Road", "is_interchange": false, "mode": "Metro Train"}}, {"type": "Feature", "geometry": {"type": "Point", "coordinates": [144.96696435, -37.81830513]}, "properties": {"stop_id": "vic:rail:FSS", "stop_name": "Flinders Street", "full_name": "Flinders Street Railway Station", "is_interchange": true, "mode": "Metro Train"}}, {"type": "Feature", "geometry": {"type": "Point", "coordinates": [144.96712382, -37.81787532]}, "properties": {"stop_id": "vic:rail:FSS_CN1", "stop_name": "Outer Concourse", "full_name": "Outer Concourse", "is_interchange": false, "mode": "Metro Train"}}, {"type": "Feature", "geometry": {"type": "Point", "coordinates": [144.9658536, -37.81738477]}, "properties": {"stop_id": "vic:rail:FSS_dDP1", "stop_name": "Degraves St DP 1", "full_name": "Degraves St DP 1", "is_interchange": false, "mode": "Metro Train"}}, {"type": "Feature", "geometry": {"type": "Point", "coordinates": [144.96600243, -37.81775683]}, "properties": {"stop_id": "vic:rail:FSS_dDP2", "stop_name": "Degraves St DP 2", "full_name": "Degraves St DP 2", "is_interchange": false, "mode": "Metro Train"}}, {"type": "Feature", "geometry": {"type": "Point", "coordinates": [144.96612214, -37.81794814]}, "properties": {"stop_id": "vic:rail:FSS_dDP3", "stop_name": "Degraves St DP 3", "full_name": "Degraves St DP 3", "is_interchange": false, "mode": "Metro Train"}}, {"type": "Feature", "geometry": {"type": "Point", "coordinates": [144.96611892, -37.81806524]}, "properties": {"stop_id": "vic:rail:FSS_dDP4", "stop_name": "Degraves St DP 4", "full_name": "Degraves St DP 4", "is_interchange": false, "mode": "Metro Train"}}, {"type": "Feature", "geometry": {"type": "Point", "coordinates": [144.96620482, -37.81824696]}, "properties": {"stop_id": "vic:rail:FSS_dDP5", "stop_name": "Degraves St DP 5", "full_name": "Degraves St DP 5", "is_interchange": false, "mode": "Metro Train"}}, {"type": "Feature", "geometry": {"type": "Point", "coordinates": [144.96626924, -37.81838325]}, "properties": {"stop_id": "vic:rail:FSS_dDP6", "stop_name": "Degraves St DP 6", "full_name": "Degraves St DP 6", "is_interchange": false, "mode": "Metro Train"}}, {"type": "Feature", "geometry": {"type": "Point", "coordinates": [144.96634427, -37.81854676]}, "properties": {"stop_id": "vic:rail:FSS_dDP7", "stop_name": "Degraves St DP 7", "full_name": "Degraves St DP 7", "is_interchange": false, "mode": "Metro Train"}}, {"type": "Feature", "geometry": {"type": "Point", "coordinates": [144.96642004, -37.81868324]}, "properties": {"stop_id": "vic:rail:FSS_dDP8", "stop_name": "Degraves St DP 8", "full_name": "Degraves St DP 8", "is_interchange": false, "mode": "Metro Train"}}, {"type": "Feature", "geometry": {"type": "Point", "coordinates": [144.96648372, -37.81884655]}, "properties": {"stop_id": "vic:rail:FSS_dDP9", "stop_name": "Degraves St DP 9", "full_name": "Degraves St DP 9", "is_interchange": false, "mode": "Metro Train"}}, {"type": "Feature", "geometry": {"type": "Point", "coordinates": [144.96613201, -37.81800238]}, "properties": {"stop_id": "vic:rail:FSS_dEN1", "stop_name": "Degraves St", "full_name": "Degraves St", "is_interchange": false, "mode": "Metro Train"}}, {"type": "Feature", "geometry": {"type": "Point", "coordinates": [144.96573929, -37.81782438]}, "properties": {"stop_id": "vic:rail:FSS_dEN2", "stop_name": "Campbell Arcade", "full_name": "Campbell Arcade", "is_interchange": false, "mode": "Metro Train"}}, {"type": "Feature", "geometry": {"type": "Point", "coordinates": [144.96519202, -37.81831057]}, "properties": {"stop_id": "vic:rail:FSS_eDP1", "stop_name": "Elizabeth St DP1", "full_name": "Elizabeth St DP1", "is_interchange": false, "mode": "Metro Train"}}, {"type": "Feature", "geometry": {"type": "Point", "coordinates": [144.96522411, -37.81838321]}, "properties": {"stop_id": "vic:rail:FSS_eDP2", "stop_name": "Elizabeth St DP2", "full_name": "Elizabeth St DP2", "is_interchange": false, "mode": "Metro Train"}}, {"type": "Feature", "geometry": {"type": "Point", "coordinates": [144.96532778, -37.81833094]}, "properties": {"stop_id": "vic:rail:FSS_eDP3", "stop_name": "Elizabeth St DP3", "full_name": "Elizabeth St DP3", "is_interchange": false, "mode": "Metro Train"}}, {"type": "Feature", "geometry": {"type": "Point", "coordinates": [144.96528852, -37.8185195]}, "properties": {"stop_id": "vic:rail:FSS_eDP4", "stop_name": "Elizabeth St DP4", "full_name": "Elizabeth St DP4", "is_interchange": false, "mode": "Metro Train"}}, {"type": "Feature", "geometry": {"type": "Point", "coordinates": [144.96535294, -37.81865579]}, "properties": {"stop_id": "vic:rail:FSS_eDP5", "stop_name": "Elizabeth St DP5", "full_name": "Elizabeth St DP5", "is_interchange": false, "mode": "Metro Train"}}, {"type": "Feature", "geometry": {"type": "Point", "coordinates": [144.96541761, -37.81878308]}, "properties": {"stop_id": "vic:rail:FSS_eDP6", "stop_name": "Elizabeth St DP6", "full_name": "Elizabeth St DP6", "is_interchange": false, "mode": "Metro Train"}}, {"type": "Feature", "geometry": {"type": "Point", "coordinates": [144.96546055, -37.81887393]}, "properties": {"stop_id": "vic:rail:FSS_eDP7", "stop_name": "Elizabeth St DP7", "full_name": "Elizabeth St DP7", "is_interchange": false, "mode": "Metro Train"}}, {"type": "Feature", "geometry": {"type": "Point", "coordinates": [144.96551362, -37.81901003]}, "properties": {"stop_id": "vic:rail:FSS_eDP8", "stop_name": "Elizabeth St DP8", "full_name": "Elizabeth St DP8", "is_interchange": false, "mode": "Metro Train"}}, {"type": "Feature", "geometry": {"type": "Point", "coordinates": [144.96515573, -37.81839104]}, "properties": {"stop_id": "vic:rail:FSS_eDP9", "stop_name": "Elizabeth St DP9", "full_name": "Elizabeth St DP9", "is_interchange": false, "mode": "Metro Train"}}, {"type": "Feature", "geometry": {"type": "Point", "coordinates": [144.96512439, -37.81829137]}, "properties": {"stop_id": "vic:rail:FSS_eEN1", "stop_name": "Elizabeth St", "full_name": "Elizabeth St", "is_interchange": false, "mode": "Metro Train"}}, {"type": "Feature", "geometry": {"type": "Point", "coordinates": [144.96702903, -37.81801787]}, "properties": {"stop_id": "vic:rail:FSS_LI2", "stop_name": "Platform 2/3 Lift", "full_name": "Platform 2/3 Lift", "is_interchange": false, "mode": "Metro Train"}}, {"type": "Feature", "geometry": {"type": "Point", "coordinates": [144.96712801, -37.81813674]}, "properties": {"stop_id": "vic:rail:FSS_LI3", "stop_name": "Platform 4/5 Lift", "full_name": "Platform 4/5 Lift", "is_interchange": false, "mode": "Metro Train"}}, {"type": "Feature", "geometry": {"type": "Point", "coordinates": [144.96722501, -37.81832766]}, "properties": {"stop_id": "vic:rail:FSS_LI4", "stop_name": "Platform 6/7 Lift", "full_name": "Platform 6/7 Lift", "is_interchange": false, "mode": "Metro Train"}}, {"type": "Feature", "geometry": {"type": "Point", "coordinates": [144.96728919, -37.81847295]}, "properties": {"stop_id": "vic:rail:FSS_LI5", "stop_name": "Platform 8/9 Lift", "full_name": "Platform 8/9 Lift", "is_interchange": false, "mode": "Metro Train"}}, {"type": "Feature", "geometry": {"type": "Point", "coordinates": [144.96610683, -37.81809207]}, "properties": {"stop_id": "vic:rail:FSS_LI7", "stop_name": "Platform 1 lift", "full_name": "Platform 1 lift", "is_interchange": false, "mode": "Metro Train"}}, {"type": "Feature", "geometry": {"type": "Point", "coordinates": [144.9671964, -37.81771436]}, "properties": {"stop_id": "vic:rail:FSS_sEN1", "stop_name": "Flinders St", "full_name": "Flinders St", "is_interchange": false, "mode": "Metro Train"}}, {"type": "Feature", "geometry": {"type": "Point", "coordinates": [144.96741608, -37.81798851]}, "properties": {"stop_id": "vic:rail:FSS_sEN2", "stop_name": "Swanston St", "full_name": "Swanston St", "is_interchange": false, "mode": "Metro Train"}}, {"type": "Feature", "geometry": {"type": "Point", "coordinates": [144.96553509, -37.81905546]}, "properties": {"stop_id": "vic:rail:FSS_yDP1", "stop_name": "Yarra River DP1", "full_name": "Yarra River DP1", "is_interchange": false, "mode": "Metro Train"}}, {"type": "Feature", "geometry": {"type": "Point", "coordinates": [144.96521592, -37.819095]}, "properties": {"stop_id": "vic:rail:FSS_yDP2", "stop_name": "Yarra River DP2", "full_name": "Yarra River DP2", "is_interchange": false, "mode": "Metro Train"}}, {"type": "Feature", "geometry": {"type": "Point", "coordinates": [144.9654988, -37.81913594]}, "properties": {"stop_id": "vic:rail:FSS_yEN1", "stop_name": "Yarra River", "full_name": "Yarra River", "is_interchange": false, "mode": "Metro Train"}}, {"type": "Feature", "geometry": {"type": "Point", "coordinates": [144.90202006, -37.80141343]}, "properties": {"stop_id": "vic:rail:FSY", "stop_name": "Footscray", "full_name": "Footscray Railway Station", "is_interchange": true, "mode": "Metro Train"}}, {"type": "Feature", "geometry": {"type": "Point", "coordinates": [144.90224009, -37.80206619]}, "properties": {"stop_id": "vic:rail:FSY_DP9", "stop_name": "Decision point 9", "full_name": "Decision point 9", "is_interchange": false, "mode": "Metro Train"}}, {"type": "Feature", "geometry": {"type": "Point", "coordinates": [144.90230218, -37.80107601]}, "properties": {"stop_id": "vic:rail:FSY_EN1", "stop_name": "Irving St", "full_name": "Irving St", "is_interchange": false, "mode": "Metro Train"}}, {"type": "Feature", "geometry": {"type": "Point", "coordinates": [144.9024346, -37.80201559]}, "properties": {"stop_id": "vic:rail:FSY_EN10", "stop_name": "Hyde St", "full_name": "Hyde St", "is_interchange": false, "mode": "Metro Train"}}, {"type": "Feature", "geometry": {"type": "Point", "coordinates": [144.90187007, -37.80189739]}, "properties": {"stop_id": "vic:rail:FSY_EN6", "stop_name": "McNab Ave", "full_name": "McNab Ave", "is_interchange": false, "mode": "Metro Train"}}, {"type": "Feature", "geometry": {"type": "Point", "coordinates": [145.29525126, -37.88169799]}, "properties": {"stop_id": "vic:rail:FTG", "stop_name": "Ferntree Gully", "full_name": "Ferntree Gully Railway Station", "is_interchange": false, "mode": "Metro Train"}}, {"type": "Feature", "geometry": {"type": "Point", "coordinates": [145.29528868, -37.88155434]}, "properties": {"stop_id": "vic:rail:FTG_EN2", "stop_name": "Underwood Rd", "full_name": "Underwood Rd", "is_interchange": false, "mode": "Metro Train"}}, {"type": "Feature", "geometry": {"type": "Point", "coordinates": [145.05165466, -37.85327908]}, "properties": {"stop_id": "vic:rail:GAR", "stop_name": "Gardiner", "full_name": "Gardiner Railway Station", "is_interchange": false, "mode": "Metro Train"}}, {"type": "Feature", "geometry": {"type": "Point", "coordinates": [144.92093868, -37.74720985]}, "properties": {"stop_id": "vic:rail:GBV", "stop_name": "Glenbervie", "full_name": "Glenbervie Railway Station", "is_interchange": false, "mode": "Metro Train"}}, {"type": "Feature", "geometry": {"type": "Point", "coordinates": [144.92092331, -37.74735376]}, "properties": {"stop_id": "vic:rail:GBV_EN1", "stop_name": "Napier Ct", "full_name": "Napier Ct", "is_interchange": false, "mode": "Metro Train"}}, {"type": "Feature", "geometry": {"type": "Point", "coordinates": [144.92072416, -37.74717001]}, "properties": {"stop_id": "vic:rail:GBV_EN3", "stop_name": "Glass St", "full_name": "Glass St", "is_interchange": false, "mode": "Metro Train"}}, {"type": "Feature", "geometry": {"type": "Point", "coordinates": [145.03643883, -37.82146682]}, "properties": {"stop_id": "vic:rail:GFE", "stop_name": "Glenferrie", "full_name": "Glenferrie Railway Station", "is_interchange": false, "mode": "Metro Train"}}, {"type": "Feature", "geometry": {"type": "Point", "coordinates": [145.03648807, -37.82132345]}, "properties": {"stop_id": "vic:rail:GFE_EN1", "stop_name": "Don Arcade", "full_name": "Don Arcade", "is_interchange": false, "mode": "Metro Train"}}, {"type": "Feature", "geometry": {"type": "Point", "coordinates": [145.0364092, -37.82172767]}, "properties": {"stop_id": "vic:rail:GFE_EN2", "stop_name": "Railway Arcade", "full_name": "Railway Arcade", "is_interchange": false, "mode": "Metro Train"}}, {"type": "Feature", "geometry": {"type": "Point", "coordinates": [145.04222285, -37.88971946]}, "properties": {"stop_id": "vic:rail:GHY", "stop_name": "Glen Huntly", "full_name": "Glen Huntly Railway Station", "is_interchange": false, "mode": "Metro Train"}}, {"type": "Feature", "geometry": {"type": "Point", "coordinates": [144.81135895, -37.76008529]}, "properties": {"stop_id": "vic:rail:GIN", "stop_name": "Ginifer", "full_name": "Ginifer Railway Station", "is_interchange": false, "mode": "Metro Train"}}, {"type": "Feature", "geometry": {"type": "Point", "coordinates": [144.81117823, -37.7600549]}, "properties": {"stop_id": "vic:rail:GIN_EN2", "stop_name": "Furlong Rd", "full_name": "Furlong Rd", "is_interchange": false, "mode": "Metro Train"}}, {"type": "Feature", "geometry": {"type": "Point", "coordinates": [144.81004434, -37.75847482]}, "properties": {"stop_id": "vic:rail:GIN_EN4", "stop_name": "Willaton St", "full_name": "Willaton St", "is_interchange": false, "mode": "Metro Train"}}, {"type": "Feature", "geometry": {"type": "Point", "coordinates": [145.0582249, -37.85930842]}, "properties": {"stop_id": "vic:rail:GIR", "stop_name": "Glen Iris", "full_name": "Glen Iris Railway Station", "is_interchange": false, "mode": "Metro Train"}}, {"type": "Feature", "geometry": {"type": "Point", "coordinates": [145.05839037, -37.85993296]}, "properties": {"stop_id": "vic:rail:GIR_EN1", "stop_name": "High St", "full_name": "High St", "is_interchange": false, "mode": "Metro Train"}}, {"type": "Feature", "geometry": {"type": "Point", "coordinates": [145.05862824, -37.85953135]}, "properties": {"stop_id": "vic:rail:GIR_EN2", "stop_name": "Willis St", "full_name": "Willis St", "is_interchange": false, "mode": "Metro Train"}}, {"type": "Feature", "geometry": {"type": "Point", "coordinates": [144.95887432, -37.700678]}, "properties": {"stop_id": "vic:rail:GOW", "stop_name": "Gowrie", "full_name": "Gowrie Railway Station", "is_interchange": false, "mode": "Metro Train"}}, {"type": "Feature", "geometry": {"type": "Point", "coordinates": [144.95857861, -37.70029438]}, "properties": {"stop_id": "vic:rail:GOW_EN2", "stop_name": "Sages Rd", "full_name": "Sages Rd", "is_interchange": false, "mode": "Metro Train"}}, {"type": "Feature", "geometry": {"type": "Point", "coordinates": [145.10793589, -37.70371477]}, "properties": {"stop_id": "vic:rail:GRN", "stop_name": "Greensborough", "full_name": "Greensborough Railway Station", "is_interchange": false, "mode": "Metro Train"}}, {"type": "Feature", "geometry": {"type": "Point", "coordinates": [145.10790898, -37.70343496]}, "properties": {"stop_id": "vic:rail:GRN_EN1", "stop_name": "Poulter Ave", "full_name": "Poulter Ave", "is_interchange": false, "mode": "Metro Train"}}, {"type": "Feature", "geometry": {"type": "Point", "coordinates": [145.10763973, -37.70376408]}, "properties": {"stop_id": "vic:rail:GRN_EN2", "stop_name": "Para Rd", "full_name": "Para Rd", "is_interchange": false, "mode": "Metro Train"}}, {"type": "Feature", "geometry": {"type": "Point", "coordinates": [145.10778632, -37.70335188]}, "properties": {"stop_id": "vic:rail:GRN_KR1", "stop_name": "Kiss & Ride 1", "full_name": "Kiss & Ride 1", "is_interchange": false, "mode": "Metro Train"}}, {"type": "Feature", "geometry": {"type": "Point", "coordinates": [144.9172204, -37.70453633]}, "properties": {"stop_id": "vic:rail:GRY", "stop_name": "Glenroy", "full_name": "Glenroy Railway Station", "is_interchange": false, "mode": "Metro Train"}}, {"type": "Feature", "geometry": {"type": "Point", "coordinates": [144.91740685, -37.70395386]}, "properties": {"stop_id": "vic:rail:GRY_EN1", "stop_name": "Hartington St", "full_name": "Hartington St", "is_interchange": false, "mode": "Metro Train"}}, {"type": "Feature", "geometry": {"type": "Point", "coordinates": [144.91706648, -37.70436239]}, "properties": {"stop_id": "vic:rail:GRY_EN4", "stop_name": "Dowd Pl", "full_name": "Dowd Pl", "is_interchange": false, "mode": "Metro Train"}}, {"type": "Feature", "geometry": {"type": "Point", "coordinates": [145.00416843, -37.89669508]}, "properties": {"stop_id": "vic:rail:GVE", "stop_name": "Gardenvale", "full_name": "Gardenvale Railway Station", "is_interchange": false, "mode": "Metro Train"}}, {"type": "Feature", "geometry": {"type": "Point", "coordinates": [145.00394923, -37.89723206]}, "properties": {"stop_id": "vic:rail:GVE_EN1", "stop_name": "Martin St", "full_name": "Martin St", "is_interchange": false, "mode": "Metro Train"}}, {"type": "Feature", "geometry": {"type": "Point", "coordinates": [145.16205755, -37.87950407]}, "properties": {"stop_id": "vic:rail:GWY", "stop_name": "Glen Waverley", "full_name": "Glen Waverley Railway Station", "is_interchange": false, "mode": "Metro Train"}}, {"type": "Feature", "geometry": {"type": "Point", "coordinates": [145.16333401, -37.87983942]}, "properties": {"stop_id": "vic:rail:GWY_EN1", "stop_name": "Coleman Parade", "full_name": "Coleman Parade", "is_interchange": false, "mode": "Metro Train"}}, {"type": "Feature", "geometry": {"type": "Point", "coordinates": [145.00150445, -37.9379864]}, "properties": {"stop_id": "vic:rail:HAM", "stop_name": "Hampton", "full_name": "Hampton Railway Station", "is_interchange": false, "mode": "Metro Train"}}, {"type": "Feature", "geometry": {"type": "Point", "coordinates": [145.00157147, -37.9380326]}, "properties": {"stop_id": "vic:rail:HAM_EN3", "stop_name": "Railway Walk N", "full_name": "Railway Walk N", "is_interchange": false, "mode": "Metro Train"}}, {"type": "Feature", "geometry": {"type": "Point", "coordinates": [145.02289866, -37.82182601]}, "properties": {"stop_id": "vic:rail:HAW", "stop_name": "Hawthorn", "full_name": "Hawthorn Railway Station", "is_interchange": false, "mode": "Metro Train"}}, {"type": "Feature", "geometry": {"type": "Point", "coordinates": [145.02342078, -37.82184379]}, "properties": {"stop_id": "vic:rail:HAW_EN1", "stop_name": "Evansdale Rd", "full_name": "Evansdale Rd", "is_interchange": false, "mode": "Metro Train"}}, {"type": "Feature", "geometry": {"type": "Point", "coordinates": [145.02379713, -37.82136347]}, "properties": {"stop_id": "vic:rail:HAW_EN2", "stop_name": "Burwood Rd", "full_name": "Burwood Rd", "is_interchange": false, "mode": "Metro Train"}}, {"type": "Feature", "geometry": {"type": "Point", "coordinates": [145.19201689, -37.63939817]}, "properties": {"stop_id": "vic:rail:HBE", "stop_name": "Hurstbridge", "full_name": "Hurstbridge Railway Station", "is_interchange": false, "mode": "Metro Train"}}, {"type": "Feature", "geometry": {"type": "Point", "coordinates": [144.70074704, -37.88338025]}, "properties": {"stop_id": "vic:rail:HCG", "stop_name": "Hoppers Crossing", "full_name": "Hoppers Crossing Railway Station", "is_interchange": false, "mode": "Metro Train"}}, {"type": "Feature", "geometry": {"type": "Point", "coordinates": [144.7000786, -37.88330411]}, "properties": {"stop_id": "vic:rail:HCG_EN1", "stop_name": "Old Geelong Rd", "full_name": "Old Geelong Rd", "is_interchange": false, "mode": "Metro Train"}}, {"type": "Feature", "geometry": {"type": "Point", "coordinates": [144.70048698, -37.88369958]}, "properties": {"stop_id": "vic:rail:HCG_EN3", "stop_name": "Princes Hwy", "full_name": "Princes Hwy", "is_interchange": false, "mode": "Metro Train"}}, {"type": "Feature", "geometry": {"type": "Point", "coordinates": [145.06068552, -37.75707293]}, "properties": {"stop_id": "vic:rail:HDB", "stop_name": "Heidelberg", "full_name": "Heidelberg Railway Station", "is_interchange": false, "mode": "Metro Train"}}, {"type": "Feature", "geometry": {"type": "Point", "coordinates": [145.06127081, -37.75726281]}, "properties": {"stop_id": "vic:rail:HDB_EN1", "stop_name": "Yarra St", "full_name": "Yarra St", "is_interchange": false, "mode": "Metro Train"}}, {"type": "Feature", "geometry": {"type": "Point", "coordinates": [145.06102232, -37.75678108]}, "properties": {"stop_id": "vic:rail:HDB_EN2", "stop_name": "Studley Rd", "full_name": "Studley Rd", "is_interchange": false, "mode": "Metro Train"}}, {"type": "Feature", "geometry": {"type": "Point", "coordinates": [145.02264711, -37.83465462]}, "properties": {"stop_id": "vic:rail:HEY", "stop_name": "Heyington", "full_name": "Heyington Railway Station", "is_interchange": false, "mode": "Metro Train"}}, {"type": "Feature", "geometry": {"type": "Point", "coordinates": [145.02224743, -37.83472901]}, "properties": {"stop_id": "vic:rail:HEY_EN1", "stop_name": "Heyington Place", "full_name": "Heyington Place", "is_interchange": false, "mode": "Metro Train"}}, {"type": "Feature", "geometry": {"type": "Point", "coordinates": [145.0418718, -37.948425]}, "properties": {"stop_id": "vic:rail:HIG", "stop_name": "Highett", "full_name": "Highett Railway Station", "is_interchange": false, "mode": "Metro Train"}}, {"type": "Feature", "geometry": {"type": "Point", "coordinates": [145.04183385, -37.94856856]}, "properties": {"stop_id": "vic:rail:HIG_EN1", "stop_name": "Highett Rd", "full_name": "Highett Rd", "is_interchange": false, "mode": "Metro Train"}}, {"type": "Feature", "geometry": {"type": "Point", "coordinates": [145.00190352, -37.84458683]}, "properties": {"stop_id": "vic:rail:HKN", "stop_name": "Hawksburn", "full_name": "Hawksburn Railway Station", "is_interchange": false, "mode": "Metro Train"}}, {"type": "Feature", "geometry": {"type": "Point", "coordinates": [145.002077, -37.84489617]}, "properties": {"stop_id": "vic:rail:HKN_EN1", "stop_name": "Luxton Rd", "full_name": "Luxton Rd", "is_interchange": false, "mode": "Metro Train"}}, {"type": "Feature", "geometry": {"type": "Point", "coordinates": [145.00222272, -37.84497074]}, "properties": {"stop_id": "vic:rail:HKN_EN2", "stop_name": "Oban St", "full_name": "Oban St", "is_interchange": false, "mode": "Metro Train"}}, {"type": "Feature", "geometry": {"type": "Point", "coordinates": [145.00265127, -37.84467161]}, "properties": {"stop_id": "vic:rail:HKN_EN4", "stop_name": "Oban Pl", "full_name": "Oban Pl", "is_interchange": false, "mode": "Metro Train"}}, {"type": "Feature", "geometry": {"type": "Point", "coordinates": [145.2697768, -38.01774038]}, "properties": {"stop_id": "vic:rail:HLM", "stop_name": "Hallam", "full_name": "Hallam Railway Station", "is_interchange": false, "mode": "Metro Train"}}, {"type": "Feature", "geometry": {"type": "Point", "coordinates": [145.27040793, -38.01802904]}, "properties": {"stop_id": "vic:rail:HLM_EN1", "stop_name": "Hallam Rd", "full_name": "Hallam Rd", "is_interchange": false, "mode": "Metro Train"}}, {"type": "Feature", "geometry": {"type": "Point", "coordinates": [145.24455538, -37.82832227]}, "properties": {"stop_id": "vic:rail:HMT", "stop_name": "Heathmont", "full_name": "Heathmont Railway Station", "is_interchange": false, "mode": "Metro Train"}}, {"type": "Feature", "geometry": {"type": "Point", "coordinates": [145.24441673, -37.82841934]}, "properties": {"stop_id": "vic:rail:HMT_EN1", "stop_name": "Heathmont Rd", "full_name": "Heathmont Rd", "is_interchange": false, "mode": "Metro Train"}}, {"type": "Feature", "geometry": {"type": "Point", "coordinates": [145.24458322, -37.8281064]}, "properties": {"stop_id": "vic:rail:HMT_EN3", "stop_name": "Campbell St", "full_name": "Campbell St", "is_interchange": false, "mode": "Metro Train"}}, {"type": "Feature", "geometry": {"type": "Point", "coordinates": [145.09066203, -37.87440222]}, "properties": {"stop_id": "vic:rail:HOL", "stop_name": "Holmesglen", "full_name": "Holmesglen Railway Station", "is_interchange": false, "mode": "Metro Train"}}, {"type": "Feature", "geometry": {"type": "Point", "coordinates": [145.09087655, -37.87445977]}, "properties": {"stop_id": "vic:rail:HOL_EN1", "stop_name": "Stirling Ave", "full_name": "Stirling Ave", "is_interchange": false, "mode": "Metro Train"}}, {"type": "Feature", "geometry": {"type": "Point", "coordinates": [145.09080212, -37.8742603]}, "properties": {"stop_id": "vic:rail:HOL_EN2", "stop_name": "Waverley Rail Trail", "full_name": "Waverley Rail Trail", "is_interchange": false, "mode": "Metro Train"}}, {"type": "Feature", "geometry": {"type": "Point", "coordinates": [145.18597988, -38.30565853]}, "properties": {"stop_id": "vic:rail:HST", "stop_name": "Hastings", "full_name": "Hastings Railway Station", "is_interchange": false, "mode": "Metro Train"}}, {"type": "Feature", "geometry": {"type": "Point", "coordinates": [145.21397044, -37.8188232]}, "properties": {"stop_id": "vic:rail:HTD", "stop_name": "Heatherdale", "full_name": "Heatherdale Railway Station", "is_interchange": false, "mode": "Metro Train"}}, {"type": "Feature", "geometry": {"type": "Point", "coordinates": [145.21349304, -37.81883399]}, "properties": {"stop_id": "vic:rail:HTD_EN1", "stop_name": "Heatherdale Rd", "full_name": "Heatherdale Rd", "is_interchange": false, "mode": "Metro Train"}}, {"type": "Feature", "geometry": {"type": "Point", "coordinates": [145.07618607, -37.89419074]}, "properties": {"stop_id": "vic:rail:HUG", "stop_name": "Hughesdale", "full_name": "Hughesdale Railway Station", "is_interchange": false, "mode": "Metro Train"}}, {"type": "Feature", "geometry": {"type": "Point", "coordinates": [145.07661356, -37.89436895]}, "properties": {"stop_id": "vic:rail:HUG_EN1", "stop_name": "Poath Rd", "full_name": "Poath Rd", "is_interchange": false, "mode": "Metro Train"}}, {"type": "Feature", "geometry": {"type": "Point", "coordinates": [145.10236432, -37.91101734]}, "properties": {"stop_id": "vic:rail:HUN", "stop_name": "Huntingdale", "full_name": "Huntingdale Railway Station", "is_interchange": false, "mode": "Metro Train"}}, {"type": "Feature", "geometry": {"type": "Point", "coordinates": [145.1026713, -37.91102229]}, "properties": {"stop_id": "vic:rail:HUN_EN1", "stop_name": "Railway Ave", "full_name": "Railway Ave", "is_interchange": false, "mode": "Metro Train"}}, {"type": "Feature", "geometry": {"type": "Point", "coordinates": [145.10307252, -37.91134417]}, "properties": {"stop_id": "vic:rail:HUN_EN2", "stop_name": "Huntingdale Rd", "full_name": "Huntingdale Rd", "is_interchange": false, "mode": "Metro Train"}}, {"type": "Feature", "geometry": {"type": "Point", "coordinates": [145.10229798, -37.91138576]}, "properties": {"stop_id": "vic:rail:HUN_EN3", "stop_name": "Haughton Rd", "full_name": "Haughton Rd", "is_interchange": false, "mode": "Metro Train"}}, {"type": "Feature", "geometry": {"type": "Point", "coordinates": [145.07555959, -37.84398457]}, "properties": {"stop_id": "vic:rail:HWL", "stop_name": "Hartwell", "full_name": "Hartwell Railway Station", "is_interchange": false, "mode": "Metro Train"}}, {"type": "Feature", "geometry": {"type": "Point", "coordinates": [145.07585892, -37.84471041]}, "properties": {"stop_id": "vic:rail:HWL_EN1", "stop_name": "Georgina Pde", "full_name": "Georgina Pde", "is_interchange": false, "mode": "Metro Train"}}, {"type": "Feature", "geometry": {"type": "Point", "coordinates": [145.07614455, -37.84465199]}, "properties": {"stop_id": "vic:rail:HWL_EN2", "stop_name": "Fordham Ave", "full_name": "Fordham Ave", "is_interchange": false, "mode": "Metro Train"}}, {"type": "Feature", "geometry": {"type": "Point", "coordinates": [145.09729471, -37.62297489]}, "properties": {"stop_id": "vic:rail:HWS", "stop_name": "Hawkstowe", "full_name": "Hawkstowe Railway Station", "is_interchange": false, "mode": "Metro Train"}}, {"type": "Feature", "geometry": {"type": "Point", "coordinates": [145.09746728, -37.62242793]}, "properties": {"stop_id": "vic:rail:HWS_BR1", "stop_name": "Bike and Ride 1", "full_name": "Bike and Ride 1", "is_interchange": false, "mode": "Metro Train"}}, {"type": "Feature", "geometry": {"type": "Point", "coordinates": [145.09742152, -37.62244521]}, "properties": {"stop_id": "vic:rail:HWS_EN1", "stop_name": "Hawkstowe Pde", "full_name": "Hawkstowe Pde", "is_interchange": false, "mode": "Metro Train"}}, {"type": "Feature", "geometry": {"type": "Point", "coordinates": [145.09740652, -37.62258917]}, "properties": {"stop_id": "vic:rail:HWS_LI1", "stop_name": "lift", "full_name": "lift", "is_interchange": false, "mode": "Metro Train"}}, {"type": "Feature", "geometry": {"type": "Point", "coordinates": [145.04542519, -37.76889674]}, "properties": {"stop_id": "vic:rail:IVA", "stop_name": "Ivanhoe", "full_name": "Ivanhoe Railway Station", "is_interchange": false, "mode": "Metro Train"}}, {"type": "Feature", "geometry": {"type": "Point", "coordinates": [145.04532519, -37.76881398]}, "properties": {"stop_id": "vic:rail:IVA_EN3", "stop_name": "Norman St", "full_name": "Norman St", "is_interchange": false, "mode": "Metro Train"}}, {"type": "Feature", "geometry": {"type": "Point", "coordinates": [144.91585052, -37.69513079]}, "properties": {"stop_id": "vic:rail:JAC", "stop_name": "Jacana", "full_name": "Jacana Railway Station", "is_interchange": false, "mode": "Metro Train"}}, {"type": "Feature", "geometry": {"type": "Point", "coordinates": [144.91498096, -37.69499825]}, "properties": {"stop_id": "vic:rail:JAC_EN1", "stop_name": "Langton St", "full_name": "Langton St", "is_interchange": false, "mode": "Metro Train"}}, {"type": "Feature", "geometry": {"type": "Point", "coordinates": [144.91604324, -37.69472866]}, "properties": {"stop_id": "vic:rail:JAC_EN2", "stop_name": "Electric St", "full_name": "Electric St", "is_interchange": false, "mode": "Metro Train"}}, {"type": "Feature", "geometry": {"type": "Point", "coordinates": [144.98409834, -37.81652702]}, "properties": {"stop_id": "vic:rail:JLI", "stop_name": "Jolimont-MCG", "full_name": "Jolimont-MCG Railway Station", "is_interchange": false, "mode": "Metro Train"}}, {"type": "Feature", "geometry": {"type": "Point", "coordinates": [144.98438866, -37.81671223]}, "properties": {"stop_id": "vic:rail:JLI_EN1", "stop_name": "Yarra Park", "full_name": "Yarra Park", "is_interchange": false, "mode": "Metro Train"}}, {"type": "Feature", "geometry": {"type": "Point", "coordinates": [144.98457817, -37.8164271]}, "properties": {"stop_id": "vic:rail:JLI_EN2", "stop_name": "Wellington Pde", "full_name": "Wellington Pde", "is_interchange": false, "mode": "Metro Train"}}, {"type": "Feature", "geometry": {"type": "Point", "coordinates": [145.11209016, -37.87360339]}, "properties": {"stop_id": "vic:rail:JOR", "stop_name": "Jordanville", "full_name": "Jordanville Railway Station", "is_interchange": false, "mode": "Metro Train"}}, {"type": "Feature", "geometry": {"type": "Point", "coordinates": [145.11088777, -37.8730524]}, "properties": {"stop_id": "vic:rail:JOR_EN1", "stop_name": "Huntingdale rd", "full_name": "Huntingdale rd", "is_interchange": false, "mode": "Metro Train"}}, {"type": "Feature", "geometry": {"type": "Point", "coordinates": [144.95871691, -37.77498702]}, "properties": {"stop_id": "vic:rail:JWL", "stop_name": "Jewell", "full_name": "Jewell Railway Station", "is_interchange": false, "mode": "Metro Train"}}, {"type": "Feature", "geometry": {"type": "Point", "coordinates": [144.95893277, -37.77498175]}, "properties": {"stop_id": "vic:rail:JWL_EN1", "stop_name": "Wilson Ave", "full_name": "Wilson Ave", "is_interchange": false, "mode": "Metro Train"}}, {"type": "Feature", "geometry": {"type": "Point", "coordinates": [144.95858495, -37.77483153]}, "properties": {"stop_id": "vic:rail:JWL_EN2", "stop_name": "Waston St", "full_name": "Waston St", "is_interchange": false, "mode": "Metro Train"}}, {"type": "Feature", "geometry": {"type": "Point", "coordinates": [145.13537493, -38.12175231]}, "properties": {"stop_id": "vic:rail:KAN", "stop_name": "Kananook", "full_name": "Kananook Railway Station", "is_interchange": false, "mode": "Metro Train"}}, {"type": "Feature", "geometry": {"type": "Point", "coordinates": [145.13549451, -38.12108735]}, "properties": {"stop_id": "vic:rail:KAN_EN1", "stop_name": "Wells Rd", "full_name": "Wells Rd", "is_interchange": false, "mode": "Metro Train"}}, {"type": "Feature", "geometry": {"type": "Point", "coordinates": [145.13673689, -38.12157567]}, "properties": {"stop_id": "vic:rail:KAN_EN3", "stop_name": "Quinn St", "full_name": "Quinn St", "is_interchange": false, "mode": "Metro Train"}}, {"type": "Feature", "geometry": {"type": "Point", "coordinates": [144.93052444, -37.79378022]}, "properties": {"stop_id": "vic:rail:KEN", "stop_name": "Kensington", "full_name": "Kensington Railway Station", "is_interchange": false, "mode": "Metro Train"}}, {"type": "Feature", "geometry": {"type": "Point", "coordinates": [144.93073734, -37.79388309]}, "properties": {"stop_id": "vic:rail:KEN_EN1", "stop_name": "Rankins Rd", "full_name": "Rankins Rd", "is_interchange": false, "mode": "Metro Train"}}, {"type": "Feature", "geometry": {"type": "Point", "coordinates": [144.93045181, -37.79394115]}, "properties": {"stop_id": "vic:rail:KEN_EN2", "stop_name": "Bellair St", "full_name": "Bellair St", "is_interchange": false, "mode": "Metro Train"}}, {"type": "Feature", "geometry": {"type": "Point", "coordinates": [145.01170153, -37.69575022]}, "properties": {"stop_id": "vic:rail:KPK", "stop_name": "Keon Park", "full_name": "Keon Park Railway Station", "is_interchange": false, "mode": "Metro Train"}}, {"type": "Feature", "geometry": {"type": "Point", "coordinates": [145.01174107, -37.69554361]}, "properties": {"stop_id": "vic:rail:KPK_EN1", "stop_name": "Keon Pde", "full_name": "Keon Pde", "is_interchange": false, "mode": "Metro Train"}}, {"type": "Feature", "geometry": {"type": "Point", "coordinates": [144.79373807, -37.72927934]}, "properties": {"stop_id": "vic:rail:KPL", "stop_name": "Keilor Plains", "full_name": "Keilor Plains Railway Station", "is_interchange": false, "mode": "Metro Train"}}, {"type": "Feature", "geometry": {"type": "Point", "coordinates": [144.79389549, -37.72932735]}, "properties": {"stop_id": "vic:rail:KPL_EN1", "stop_name": "East Esplanade", "full_name": "East Esplanade", "is_interchange": false, "mode": "Metro Train"}}, {"type": "Feature", "geometry": {"type": "Point", "coordinates": [144.79368308, -37.72960273]}, "properties": {"stop_id": "vic:rail:KPL_EN3", "stop_name": "Regan St", "full_name": "Regan St", "is_interchange": false, "mode": "Metro Train"}}, {"type": "Feature", "geometry": {"type": "Point", "coordinates": [145.03355161, -37.83992894]}, "properties": {"stop_id": "vic:rail:KYG", "stop_name": "Kooyong", "full_name": "Kooyong Railway Station", "is_interchange": false, "mode": "Metro Train"}}, {"type": "Feature", "geometry": {"type": "Point", "coordinates": [145.03283626, -37.83990798]}, "properties": {"stop_id": "vic:rail:KYG_EN1", "stop_name": "Monaro Rd", "full_name": "Monaro Rd", "is_interchange": false, "mode": "Metro Train"}}, {"type": "Feature", "geometry": {"type": "Point", "coordinates": [145.03306965, -37.83967757]}, "properties": {"stop_id": "vic:rail:KYG_EN2", "stop_name": "Talbot Cres", "full_name": "Talbot Cres", "is_interchange": false, "mode": "Metro Train"}}, {"type": "Feature", "geometry": {"type": "Point", "coordinates": [145.14070271, -37.82078023]}, "properties": {"stop_id": "vic:rail:LAB", "stop_name": "Laburnum", "full_name": "Laburnum Railway Station", "is_interchange": false, "mode": "Metro Train"}}, {"type": "Feature", "geometry": {"type": "Point", "coordinates": [145.14121781, -37.82062615]}, "properties": {"stop_id": "vic:rail:LAB_EN1", "stop_name": "Laburnum St", "full_name": "Laburnum St", "is_interchange": false, "mode": "Metro Train"}}, {"type": "Feature", "geometry": {"type": "Point", "coordinates": [145.14031524, -37.82082819]}, "properties": {"stop_id": "vic:rail:LAB_EN4", "stop_name": "Thiele Ct", "full_name": "Thiele Ct", "is_interchange": false, "mode": "Metro Train"}}, {"type": "Feature", "geometry": {"type": "Point", "coordinates": [145.01719317, -37.66585075]}, "properties": {"stop_id": "vic:rail:LAL", "stop_name": "Lalor", "full_name": "Lalor Railway Station", "is_interchange": false, "mode": "Metro Train"}}, {"type": "Feature", "geometry": {"type": "Point", "coordinates": [145.01710814, -37.6647859]}, "properties": {"stop_id": "vic:rail:LAL_TX1", "stop_name": "Taxi zone 1", "full_name": "Taxi zone 1", "is_interchange": false, "mode": "Metro Train"}}, {"type": "Feature", "geometry": {"type": "Point", "coordinates": [144.77261667, -37.86369404]}, "properties": {"stop_id": "vic:rail:LAV", "stop_name": "Laverton", "full_name": "Laverton Railway Station", "is_interchange": false, "mode": "Metro Train"}}, {"type": "Feature", "geometry": {"type": "Point", "coordinates": [144.77166295, -37.86365796]}, "properties": {"stop_id": "vic:rail:LAV_EN1", "stop_name": "Maher Rd", "full_name": "Maher Rd", "is_interchange": false, "mode": "Metro Train"}}, {"type": "Feature", "geometry": {"type": "Point", "coordinates": [145.24925211, -38.05734985]}, "properties": {"stop_id": "vic:rail:LBK", "stop_name": "Lynbrook", "full_name": "Lynbrook Railway Station", "is_interchange": false, "mode": "Metro Train"}}, {"type": "Feature", "geometry": {"type": "Point", "coordinates": [145.24924718, -38.05755704]}, "properties": {"stop_id": "vic:rail:LBK_EN1", "stop_name": "Moreton Bay Blvd", "full_name": "Moreton Bay Blvd", "is_interchange": false, "mode": "Metro Train"}}, {"type": "Feature", "geometry": {"type": "Point", "coordinates": [145.24994348, -38.05799097]}, "properties": {"stop_id": "vic:rail:LBK_EN4", "stop_name": "Aylmer Rd", "full_name": "Aylmer Rd", "is_interchange": false, "mode": "Metro Train"}}, {"type": "Feature", "geometry": {"type": "Point", "coordinates": [145.34582227, -37.75721264]}, "properties": {"stop_id": "vic:rail:LIL", "stop_name": "Lilydale", "full_name": "Lilydale Railway Station", "is_interchange": false, "mode": "Metro Train"}}, {"type": "Feature", "geometry": {"type": "Point", "coordinates": [145.34585078, -37.75695168]}, "properties": {"stop_id": "vic:rail:LIL_EN1", "stop_name": "William St West", "full_name": "William St West", "is_interchange": false, "mode": "Metro Train"}}, {"type": "Feature", "geometry": {"type": "Point", "coordinates": [145.3462593, -37.75695741]}, "properties": {"stop_id": "vic:rail:LIL_EN3", "stop_name": "William St East", "full_name": "William St East", "is_interchange": false, "mode": "Metro Train"}}, {"type": "Feature", "geometry": {"type": "Point", "coordinates": [145.34642679, -37.75657223]}, "properties": {"stop_id": "vic:rail:LIL_EN6", "stop_name": "Maroondah Hwy", "full_name": "Maroondah Hwy", "is_interchange": false, "mode": "Metro Train"}}, {"type": "Feature", "geometry": {"type": "Point", "coordinates": [145.13953396, -38.152034]}, "properties": {"stop_id": "vic:rail:LWA", "stop_name": "Leawarra", "full_name": "Leawarra Railway Station", "is_interchange": false, "mode": "Metro Train"}}, {"type": "Feature", "geometry": {"type": "Point", "coordinates": [145.13933889, -38.15207596]}, "properties": {"stop_id": "vic:rail:LWA_EN1", "stop_name": "Bloom St", "full_name": "Bloom St", "is_interchange": false, "mode": "Metro Train"}}, {"type": "Feature", "geometry": {"type": "Point", "coordinates": [144.93607233, -37.79478777]}, "properties": {"stop_id": "vic:rail:MAC", "stop_name": "Macaulay", "full_name": "Macaulay Railway Station", "is_interchange": false, "mode": "Metro Train"}}, {"type": "Feature", "geometry": {"type": "Point", "coordinates": [144.93607641, -37.79504918]}, "properties": {"stop_id": "vic:rail:MAC_EN1", "stop_name": "Macaulay Rd", "full_name": "Macaulay Rd", "is_interchange": false, "mode": "Metro Train"}}, {"type": "Feature", "geometry": {"type": "Point", "coordinates": [145.02929394, -37.8662533]}, "properties": {"stop_id": "vic:rail:MAL", "stop_name": "Malvern", "full_name": "Malvern Railway Station", "is_interchange": false, "mode": "Metro Train"}}, {"type": "Feature", "geometry": {"type": "Point", "coordinates": [145.02901339, -37.86568987]}, "properties": {"stop_id": "vic:rail:MAL_TX1", "stop_name": "Taxi zone", "full_name": "Taxi zone", "is_interchange": false, "mode": "Metro Train"}}, {"type": "Feature", "geometry": {"type": "Point", "coordinates": [144.99629909, -37.91513441]}, "properties": {"stop_id": "vic:rail:MBN", "stop_name": "Middle Brighton", "full_name": "Middle Brighton Railway Station", "is_interchange": false, "mode": "Metro Train"}}, {"type": "Feature", "geometry": {"type": "Point", "coordinates": [144.99681647, -37.9145124]}, "properties": {"stop_id": "vic:rail:MBN_EN3", "stop_name": "Black St", "full_name": "Black St", "is_interchange": false, "mode": "Metro Train"}}, {"type": "Feature", "geometry": {"type": "Point", "coordinates": [145.06914332, -37.7260123]}, "properties": {"stop_id": "vic:rail:MCD", "stop_name": "Macleod", "full_name": "Macleod Railway Station", "is_interchange": false, "mode": "Metro Train"}}, {"type": "Feature", "geometry": {"type": "Point", "coordinates": [145.06934068, -37.72627689]}, "properties": {"stop_id": "vic:rail:MCD_EN1", "stop_name": "Birdwood Ave", "full_name": "Birdwood Ave", "is_interchange": false, "mode": "Metro Train"}}, {"type": "Feature", "geometry": {"type": "Point", "coordinates": [145.0690955, -37.72566906]}, "properties": {"stop_id": "vic:rail:MCD_EN3", "stop_name": "McNamara St", "full_name": "McNamara St", "is_interchange": false, "mode": "Metro Train"}}, {"type": "Feature", "geometry": {"type": "Point", "coordinates": [144.96260489, -37.80993896]}, "properties": {"stop_id": "vic:rail:MCE", "stop_name": "Melbourne Central", "full_name": "Melbourne Central Railway Station", "is_interchange": true, "mode": "Metro Train"}}, {"type": "Feature", "geometry": {"type": "Point", "coordinates": [144.96323103, -37.81030125]}, "properties": {"stop_id": "vic:rail:MCE_CN1", "stop_name": "Concourse 1", "full_name": "Concourse 1", "is_interchange": false, "mode": "Metro Train"}}, {"type": "Feature", "geometry": {"type": "Point", "coordinates": [144.96295907, -37.80986399]}, "properties": {"stop_id": "vic:rail:MCE_CN2", "stop_name": "Concourse 2", "full_name": "Concourse 2", "is_interchange": false, "mode": "Metro Train"}}, {"type": "Feature", "geometry": {"type": "Point", "coordinates": [144.9619883, -37.810469]}, "properties": {"stop_id": "vic:rail:MCE_CN4", "stop_name": "Concourse 4", "full_name": "Concourse 4", "is_interchange": false, "mode": "Metro Train"}}, {"type": "Feature", "geometry": {"type": "Point", "coordinates": [144.96303434, -37.81001849]}, "properties": {"stop_id": "vic:rail:MCE_CN5", "stop_name": "Concourse 5", "full_name": "Concourse 5", "is_interchange": false, "mode": "Metro Train"}}, {"type": "Feature", "geometry": {"type": "Point", "coordinates": [144.96203152, -37.81013631]}, "properties": {"stop_id": "vic:rail:MCE_CN6", "stop_name": "Concourse 6", "full_name": "Concourse 6", "is_interchange": false, "mode": "Metro Train"}}, {"type": "Feature", "geometry": {"type": "Point", "coordinates": [144.96275273, -37.80993251]}, "properties": {"stop_id": "vic:rail:MCE_CN8", "stop_name": "Concourse 8", "full_name": "Concourse 8", "is_interchange": false, "mode": "Metro Train"}}, {"type": "Feature", "geometry": {"type": "Point", "coordinates": [144.96272659, -37.80964368]}, "properties": {"stop_id": "vic:rail:MCE_LI3", "stop_name": "Baskerville La", "full_name": "Baskerville La", "is_interchange": false, "mode": "Metro Train"}}, {"type": "Feature", "geometry": {"type": "Point", "coordinates": [144.96215687, -37.810535]}, "properties": {"stop_id": "vic:rail:MCE_LI4", "stop_name": "Menzies Alley", "full_name": "Menzies Alley", "is_interchange": false, "mode": "Metro Train"}}, {"type": "Feature", "geometry": {"type": "Point", "coordinates": [144.96286849, -37.80985341]}, "properties": {"stop_id": "vic:rail:MCE_mDP1", "stop_name": "MCE DP1", "full_name": "MCE DP1", "is_interchange": false, "mode": "Metro Train"}}, {"type": "Feature", "geometry": {"type": "Point", "coordinates": [144.96323502, -37.80974259]}, "properties": {"stop_id": "vic:rail:MCE_mDP2", "stop_name": "MCE DP2", "full_name": "MCE DP2", "is_interchange": false, "mode": "Metro Train"}}, {"type": "Feature", "geometry": {"type": "Point", "coordinates": [145.19220824, -37.81816668]}, "properties": {"stop_id": "vic:rail:MCH", "stop_name": "Mitcham", "full_name": "Mitcham Railway Station", "is_interchange": false, "mode": "Metro Train"}}, {"type": "Feature", "geometry": {"type": "Point", "coordinates": [145.19271905, -37.81818354]}, "properties": {"stop_id": "vic:rail:MCH_EN1", "stop_name": "Calcutta St", "full_name": "Calcutta St", "is_interchange": false, "mode": "Metro Train"}}, {"type": "Feature", "geometry": {"type": "Point", "coordinates": [145.03829897, -37.91030903]}, "properties": {"stop_id": "vic:rail:MCK", "stop_name": "McKinnon", "full_name": "McKinnon Railway Station", "is_interchange": false, "mode": "Metro Train"}}, {"type": "Feature", "geometry": {"type": "Point", "coordinates": [145.03822514, -37.91094764]}, "properties": {"stop_id": "vic:rail:MCK_EN1", "stop_name": "McKinnon Rd", "full_name": "McKinnon Rd", "is_interchange": false, "mode": "Metro Train"}}, {"type": "Feature", "geometry": {"type": "Point", "coordinates": [145.10095293, -37.60254907]}, "properties": {"stop_id": "vic:rail:MDD", "stop_name": "Mernda", "full_name": "Mernda Railway Station", "is_interchange": false, "mode": "Metro Train"}}, {"type": "Feature", "geometry": {"type": "Point", "coordinates": [145.10093349, -37.60242258]}, "properties": {"stop_id": "vic:rail:MDD_EN1", "stop_name": "Bridge Inn Rd", "full_name": "Bridge Inn Rd", "is_interchange": false, "mode": "Metro Train"}}, {"type": "Feature", "geometry": {"type": "Point", "coordinates": [145.10127585, -37.60098613]}, "properties": {"stop_id": "vic:rail:MDD_EN2", "stop_name": "Schotters Rd", "full_name": "Schotters Rd", "is_interchange": false, "mode": "Metro Train"}}, {"type": "Feature", "geometry": {"type": "Point", "coordinates": [145.10137953, -37.60270013]}, "properties": {"stop_id": "vic:rail:MDD_KR1", "stop_name": "Kiss and Ride", "full_name": "Kiss and Ride", "is_interchange": false, "mode": "Metro Train"}}, {"type": "Feature", "geometry": {"type": "Point", "coordinates": [145.06580232, -37.98277704]}, "properties": {"stop_id": "vic:rail:MEN", "stop_name": "Mentone", "full_name": "Mentone Railway Station", "is_interchange": false, "mode": "Metro Train"}}, {"type": "Feature", "geometry": {"type": "Point", "coordinates": [145.06584619, -37.98284084]}, "properties": {"stop_id": "vic:rail:MEN_DP1", "stop_name": "Decison point 1", "full_name": "Decison point 1", "is_interchange": false, "mode": "Metro Train"}}, {"type": "Feature", "geometry": {"type": "Point", "coordinates": [145.06549173, -37.98289809]}, "properties": {"stop_id": "vic:rail:MEN_EN1", "stop_name": "Como Parade W", "full_name": "Como Parade W", "is_interchange": false, "mode": "Metro Train"}}, {"type": "Feature", "geometry": {"type": "Point", "coordinates": [145.06578405, -37.98260552]}, "properties": {"stop_id": "vic:rail:MEN_EN3", "stop_name": "Como Parade E", "full_name": "Como Parade E", "is_interchange": false, "mode": "Metro Train"}}, {"type": "Feature", "geometry": {"type": "Point", "coordinates": [144.99297248, -37.77784668]}, "properties": {"stop_id": "vic:rail:MER", "stop_name": "Merri", "full_name": "Merri Railway Station", "is_interchange": false, "mode": "Metro Train"}}, {"type": "Feature", "geometry": {"type": "Point", "coordinates": [144.99326755, -37.7778517]}, "properties": {"stop_id": "vic:rail:MER_EN1", "stop_name": "Bridge St/Railway St", "full_name": "Bridge St/Railway St", "is_interchange": false, "mode": "Metro Train"}}, {"type": "Feature", "geometry": {"type": "Point", "coordinates": [144.99319653, -37.77795864]}, "properties": {"stop_id": "vic:rail:MER_EN2", "stop_name": "Bridge St", "full_name": "Bridge St", "is_interchange": false, "mode": "Metro Train"}}, {"type": "Feature", "geometry": {"type": "Point", "coordinates": [144.99283825, -37.77777229]}, "properties": {"stop_id": "vic:rail:MER_EN3", "stop_name": "S Park St", "full_name": "S Park St", "is_interchange": false, "mode": "Metro Train"}}, {"type": "Feature", "geometry": {"type": "Point", "coordinates": [144.89147208, -37.8025047]}, "properties": {"stop_id": "vic:rail:MFY", "stop_name": "Middle Footscray", "full_name": "Middle Footscray Railway Station", "is_interchange": false, "mode": "Metro Train"}}, {"type": "Feature", "geometry": {"type": "Point", "coordinates": [144.96183341, -37.75410653]}, "properties": {"stop_id": "vic:rail:MLD", "stop_name": "Moreland", "full_name": "Moreland Railway Station", "is_interchange": false, "mode": "Metro Train"}}, {"type": "Feature", "geometry": {"type": "Point", "coordinates": [144.96198656, -37.75431645]}, "properties": {"stop_id": "vic:rail:MLD_EN1", "stop_name": "Cameron St", "full_name": "Cameron St", "is_interchange": false, "mode": "Metro Train"}}, {"type": "Feature", "geometry": {"type": "Point", "coordinates": [145.3124024, -37.78474883]}, "properties": {"stop_id": "vic:rail:MLK", "stop_name": "Mooroolbark", "full_name": "Mooroolbark Railway Station", "is_interchange": false, "mode": "Metro Train"}}, {"type": "Feature", "geometry": {"type": "Point", "coordinates": [145.31240158, -37.78478486]}, "properties": {"stop_id": "vic:rail:MLK_EN1", "stop_name": "Brice Ave", "full_name": "Brice Ave", "is_interchange": false, "mode": "Metro Train"}}, {"type": "Feature", "geometry": {"type": "Point", "coordinates": [145.09212201, -37.64403391]}, "properties": {"stop_id": "vic:rail:MMR", "stop_name": "Middle Gorge", "full_name": "Middle Gorge Railway Station", "is_interchange": false, "mode": "Metro Train"}}, {"type": "Feature", "geometry": {"type": "Point", "coordinates": [145.09259111, -37.64386125]}, "properties": {"stop_id": "vic:rail:MMR_EN1", "stop_name": "Old Plenty Rd", "full_name": "Old Plenty Rd", "is_interchange": false, "mode": "Metro Train"}}, {"type": "Feature", "geometry": {"type": "Point", "coordinates": [145.09233699, -37.6436048]}, "properties": {"stop_id": "vic:rail:MMR_EN2", "stop_name": "Williamsons Rd", "full_name": "Williamsons Rd", "is_interchange": false, "mode": "Metro Train"}}, {"type": "Feature", "geometry": {"type": "Point", "coordinates": [145.09044862, -37.64520544]}, "properties": {"stop_id": "vic:rail:MMR_PR1", "stop_name": "Park and Ride", "full_name": "Park and Ride", "is_interchange": false, "mode": "Metro Train"}}, {"type": "Feature", "geometry": {"type": "Point", "coordinates": [145.12151574, -37.71529624]}, "properties": {"stop_id": "vic:rail:MMY", "stop_name": "Montmorency", "full_name": "Montmorency Railway Station", "is_interchange": false, "mode": "Metro Train"}}, {"type": "Feature", "geometry": {"type": "Point", "coordinates": [145.12111588, -37.71540703]}, "properties": {"stop_id": "vic:rail:MMY_EN1", "stop_name": "Station Rd", "full_name": "Station Rd", "is_interchange": false, "mode": "Metro Train"}}, {"type": "Feature", "geometry": {"type": "Point", "coordinates": [145.12146446, -37.71552974]}, "properties": {"stop_id": "vic:rail:MMY_EN2", "stop_name": "Binns St", "full_name": "Binns St", "is_interchange": false, "mode": "Metro Train"}}, {"type": "Feature", "geometry": {"type": "Point", "coordinates": [145.12116943, -37.71508345]}, "properties": {"stop_id": "vic:rail:MMY_EN3", "stop_name": "Mayona Rd", "full_name": "Mayona Rd", "is_interchange": false, "mode": "Metro Train"}}, {"type": "Feature", "geometry": {"type": "Point", "coordinates": [145.08765936, -38.00658295]}, "properties": {"stop_id": "vic:rail:MOR", "stop_name": "Mordialloc", "full_name": "Mordialloc Railway Station", "is_interchange": false, "mode": "Metro Train"}}, {"type": "Feature", "geometry": {"type": "Point", "coordinates": [145.08669405, -38.00516142]}, "properties": {"stop_id": "vic:rail:MOR_EN1", "stop_name": "Mcdonald St", "full_name": "Mcdonald St", "is_interchange": false, "mode": "Metro Train"}}, {"type": "Feature", "geometry": {"type": "Point", "coordinates": [145.087878, -38.00649639]}, "properties": {"stop_id": "vic:rail:MOR_EN2", "stop_name": "Albert St", "full_name": "Albert St", "is_interchange": false, "mode": "Metro Train"}}, {"type": "Feature", "geometry": {"type": "Point", "coordinates": [144.9191607, -37.76570666]}, "properties": {"stop_id": "vic:rail:MPD", "stop_name": "Moonee Ponds", "full_name": "Moonee Ponds Railway Station", "is_interchange": false, "mode": "Metro Train"}}, {"type": "Feature", "geometry": {"type": "Point", "coordinates": [144.91940905, -37.76575611]}, "properties": {"stop_id": "vic:rail:MPD_EN1", "stop_name": "Margaret St", "full_name": "Margaret St", "is_interchange": false, "mode": "Metro Train"}}, {"type": "Feature", "geometry": {"type": "Point", "coordinates": [144.91910119, -37.76580474]}, "properties": {"stop_id": "vic:rail:MPD_EN3", "stop_name": "Norwood Cres", "full_name": "Norwood Cres", "is_interchange": false, "mode": "Metro Train"}}, {"type": "Feature", "geometry": {"type": "Point", "coordinates": [145.26351137, -38.07900048]}, "properties": {"stop_id": "vic:rail:MPK", "stop_name": "Merinda Park", "full_name": "Merinda Park Railway Station", "is_interchange": false, "mode": "Metro Train"}}, {"type": "Feature", "geometry": {"type": "Point", "coordinates": [145.26303462, -38.07891232]}, "properties": {"stop_id": "vic:rail:MPK_EN1", "stop_name": "Merinda Park Blvd", "full_name": "Merinda Park Blvd", "is_interchange": false, "mode": "Metro Train"}}, {"type": "Feature", "geometry": {"type": "Point", "coordinates": [145.26350658, -38.07872104]}, "properties": {"stop_id": "vic:rail:MPK_EN4", "stop_name": "Endeavour Dr", "full_name": "Endeavour Dr", "is_interchange": false, "mode": "Metro Train"}}, {"type": "Feature", "geometry": {"type": "Point", "coordinates": [145.06737487, -37.89019832]}, "properties": {"stop_id": "vic:rail:MRB", "stop_name": "Murrumbeena", "full_name": "Murrumbeena Railway Station", "is_interchange": false, "mode": "Metro Train"}}, {"type": "Feature", "geometry": {"type": "Point", "coordinates": [145.06673429, -37.88990843]}, "properties": {"stop_id": "vic:rail:MRB_EN1", "stop_name": "Murrumbeena Rd", "full_name": "Murrumbeena Rd", "is_interchange": false, "mode": "Metro Train"}}, {"type": "Feature", "geometry": {"type": "Point", "coordinates": [145.03676929, -37.93447096]}, "properties": {"stop_id": "vic:rail:MRN", "stop_name": "Moorabbin", "full_name": "Moorabbin Railway Station", "is_interchange": false, "mode": "Metro Train"}}, {"type": "Feature", "geometry": {"type": "Point", "coordinates": [145.18960249, -38.35403334]}, "properties": {"stop_id": "vic:rail:MRO", "stop_name": "Morradoo", "full_name": "Morradoo Railway Station", "is_interchange": false, "mode": "Metro Train"}}, {"type": "Feature", "geometry": {"type": "Point", "coordinates": [145.18931561, -38.35360537]}, "properties": {"stop_id": "vic:rail:MRO_EN1", "stop_name": "Disney St", "full_name": "Disney St", "is_interchange": false, "mode": "Metro Train"}}, {"type": "Feature", "geometry": {"type": "Point", "coordinates": [145.1280441, -37.87526408]}, "properties": {"stop_id": "vic:rail:MWY", "stop_name": "Mount Waverley", "full_name": "Mount Waverley Railway Station", "is_interchange": false, "mode": "Metro Train"}}, {"type": "Feature", "geometry": {"type": "Point", "coordinates": [145.12775474, -37.87546675]}, "properties": {"stop_id": "vic:rail:MWY_EN1", "stop_name": "Hamilton Pl", "full_name": "Hamilton Pl", "is_interchange": false, "mode": "Metro Train"}}, {"type": "Feature", "geometry": {"type": "Point", "coordinates": [145.12763772, -37.87514948]}, "properties": {"stop_id": "vic:rail:MWY_EN2", "stop_name": "Miller Cres", "full_name": "Miller Cres", "is_interchange": false, "mode": "Metro Train"}}, {"type": "Feature", "geometry": {"type": "Point", "coordinates": [144.96131355, -37.72093389]}, "properties": {"stop_id": "vic:rail:MYN", "stop_name": "Merlynston", "full_name": "Merlynston Railway Station", "is_interchange": false, "mode": "Metro Train"}}, {"type": "Feature", "geometry": {"type": "Point", "coordinates": [144.96144495, -37.72069284]}, "properties": {"stop_id": "vic:rail:MYN_EN1", "stop_name": "Bain/Plaisted", "full_name": "Bain/Plaisted", "is_interchange": false, "mode": "Metro Train"}}, {"type": "Feature", "geometry": {"type": "Point", "coordinates": [144.96118241, -37.72075138]}, "properties": {"stop_id": "vic:rail:MYN_EN2", "stop_name": "Orvieto St", "full_name": "Orvieto St", "is_interchange": false, "mode": "Metro Train"}}, {"type": "Feature", "geometry": {"type": "Point", "coordinates": [145.00261908, -37.90478832]}, "properties": {"stop_id": "vic:rail:NBN", "stop_name": "North Brighton", "full_name": "North Brighton Railway Station", "is_interchange": false, "mode": "Metro Train"}}, {"type": "Feature", "geometry": {"type": "Point", "coordinates": [145.00250637, -37.90475036]}, "properties": {"stop_id": "vic:rail:NBN_EN1", "stop_name": "Asling St", "full_name": "Asling St", "is_interchange": false, "mode": "Metro Train"}}, {"type": "Feature", "geometry": {"type": "Point", "coordinates": [145.00271555, -37.90500624]}, "properties": {"stop_id": "vic:rail:NBN_EN3", "stop_name": "Warleigh Grove", "full_name": "Warleigh Grove", "is_interchange": false, "mode": "Metro Train"}}, {"type": "Feature", "geometry": {"type": "Point", "coordinates": [144.99527721, -37.76986537]}, "properties": {"stop_id": "vic:rail:NCE", "stop_name": "Northcote", "full_name": "Northcote Railway Station", "is_interchange": false, "mode": "Metro Train"}}, {"type": "Feature", "geometry": {"type": "Point", "coordinates": [144.99570436, -37.76960228]}, "properties": {"stop_id": "vic:rail:NCE_EN1", "stop_name": "Herbert St", "full_name": "Herbert St", "is_interchange": false, "mode": "Metro Train"}}, {"type": "Feature", "geometry": {"type": "Point", "coordinates": [144.92897847, -37.78732767]}, "properties": {"stop_id": "vic:rail:NKT", "stop_name": "Newmarket", "full_name": "Newmarket Railway Station", "is_interchange": false, "mode": "Metro Train"}}, {"type": "Feature", "geometry": {"type": "Point", "coordinates": [144.92914415, -37.78708727]}, "properties": {"stop_id": "vic:rail:NKT_EN1", "stop_name": "Pin Oak Cres", "full_name": "Pin Oak Cres", "is_interchange": false, "mode": "Metro Train"}}, {"type": "Feature", "geometry": {"type": "Point", "coordinates": [144.92868564, -37.78724142]}, "properties": {"stop_id": "vic:rail:NKT_EN2", "stop_name": "Racecourse Rd", "full_name": "Racecourse Rd", "is_interchange": false, "mode": "Metro Train"}}, {"type": "Feature", "geometry": {"type": "Point", "coordinates": [144.94238439, -37.80755071]}, "properties": {"stop_id": "vic:rail:NME", "stop_name": "North Melbourne", "full_name": "North Melbourne Railway Station", "is_interchange": true, "mode": "Metro Train"}}, {"type": "Feature", "geometry": {"type": "Point", "coordinates": [144.941209, -37.80652085]}, "properties": {"stop_id": "vic:rail:NME_DP10", "stop_name": "Decision point 10", "full_name": "Decision point 10", "is_interchange": false, "mode": "Metro Train"}}, {"type": "Feature", "geometry": {"type": "Point", "coordinates": [145.17632482, -37.96661867]}, "properties": {"stop_id": "vic:rail:NPK", "stop_name": "Noble Park", "full_name": "Noble Park Railway Station", "is_interchange": false, "mode": "Metro Train"}}, {"type": "Feature", "geometry": {"type": "Point", "coordinates": [145.17645959, -37.96669285]}, "properties": {"stop_id": "vic:rail:NPK_EN1", "stop_name": "Muderra Way", "full_name": "Muderra Way", "is_interchange": false, "mode": "Metro Train"}}, {"type": "Feature", "geometry": {"type": "Point", "coordinates": [144.8835883, -37.84272637]}, "properties": {"stop_id": "vic:rail:NPT", "stop_name": "Newport", "full_name": "Newport Railway Station", "is_interchange": false, "mode": "Metro Train"}}, {"type": "Feature", "geometry": {"type": "Point", "coordinates": [144.8832182, -37.84374704]}, "properties": {"stop_id": "vic:rail:NPT_EN1", "stop_name": "Market St", "full_name": "Market St", "is_interchange": false, "mode": "Metro Train"}}, {"type": "Feature", "geometry": {"type": "Point", "coordinates": [144.88336503, -37.8429837]}, "properties": {"stop_id": "vic:rail:NPT_EN2", "stop_name": "Melbourne Rd", "full_name": "Melbourne Rd", "is_interchange": false, "mode": "Metro Train"}}, {"type": "Feature", "geometry": {"type": "Point", "coordinates": [144.88385316, -37.84300148]}, "properties": {"stop_id": "vic:rail:NPT_EN3", "stop_name": "Hall St", "full_name": "Hall St", "is_interchange": false, "mode": "Metro Train"}}, {"type": "Feature", "geometry": {"type": "Point", "coordinates": [144.99250026, -37.81039836]}, "properties": {"stop_id": "vic:rail:NRM", "stop_name": "North Richmond", "full_name": "North Richmond Railway Station", "is_interchange": false, "mode": "Metro Train"}}, {"type": "Feature", "geometry": {"type": "Point", "coordinates": [145.303993, -38.02777361]}, "properties": {"stop_id": "vic:rail:NWA", "stop_name": "Narre Warren", "full_name": "Narre Warren Railway Station", "is_interchange": false, "mode": "Metro Train"}}, {"type": "Feature", "geometry": {"type": "Point", "coordinates": [145.30309537, -38.02717488]}, "properties": {"stop_id": "vic:rail:NWA_EN1", "stop_name": "Shrives Rd", "full_name": "Shrives Rd", "is_interchange": false, "mode": "Metro Train"}}, {"type": "Feature", "geometry": {"type": "Point", "coordinates": [145.3037145, -38.02749923]}, "properties": {"stop_id": "vic:rail:NWA_EN2", "stop_name": "Cranbourne Rd", "full_name": "Cranbourne Rd", "is_interchange": false, "mode": "Metro Train"}}, {"type": "Feature", "geometry": {"type": "Point", "coordinates": [145.1748915, -37.82061218]}, "properties": {"stop_id": "vic:rail:NWG", "stop_name": "Nunawading", "full_name": "Nunawading Railway Station", "is_interchange": false, "mode": "Metro Train"}}, {"type": "Feature", "geometry": {"type": "Point", "coordinates": [145.17522749, -37.82034703]}, "properties": {"stop_id": "vic:rail:NWG_EN1", "stop_name": "Oval Way", "full_name": "Oval Way", "is_interchange": false, "mode": "Metro Train"}}, {"type": "Feature", "geometry": {"type": "Point", "coordinates": [145.17543235, -37.82033218]}, "properties": {"stop_id": "vic:rail:NWG_EN2", "stop_name": "Springvale Rd", "full_name": "Springvale Rd", "is_interchange": false, "mode": "Metro Train"}}, {"type": "Feature", "geometry": {"type": "Point", "coordinates": [144.88906947, -37.85733348]}, "properties": {"stop_id": "vic:rail:NWN", "stop_name": "North Williamstown", "full_name": "North Williamstown Railway Station", "is_interchange": false, "mode": "Metro Train"}}, {"type": "Feature", "geometry": {"type": "Point", "coordinates": [144.88907157, -37.85765793]}, "properties": {"stop_id": "vic:rail:NWN_EN1", "stop_name": "Ferguson St", "full_name": "Ferguson St", "is_interchange": false, "mode": "Metro Train"}}, {"type": "Feature", "geometry": {"type": "Point", "coordinates": [145.08830787, -37.90037214]}, "properties": {"stop_id": "vic:rail:OAK", "stop_name": "Oakleigh", "full_name": "Oakleigh Railway Station", "is_interchange": false, "mode": "Metro Train"}}, {"type": "Feature", "geometry": {"type": "Point", "coordinates": [145.08847052, -37.90023961]}, "properties": {"stop_id": "vic:rail:OAK_EN4", "stop_name": "Portman St", "full_name": "Portman St", "is_interchange": false, "mode": "Metro Train"}}, {"type": "Feature", "geometry": {"type": "Point", "coordinates": [145.41098723, -38.06614572]}, "properties": {"stop_id": "vic:rail:OFC", "stop_name": "Officer", "full_name": "Officer Railway Station", "is_interchange": false, "mode": "Metro Train"}}, {"type": "Feature", "geometry": {"type": "Point", "coordinates": [144.92151877, -37.71794973]}, "properties": {"stop_id": "vic:rail:OKP", "stop_name": "Oak Park", "full_name": "Oak Park Railway Station", "is_interchange": false, "mode": "Metro Train"}}, {"type": "Feature", "geometry": {"type": "Point", "coordinates": [144.92160545, -37.71768991]}, "properties": {"stop_id": "vic:rail:OKP_EN1", "stop_name": "Waterloo Rd", "full_name": "Waterloo Rd", "is_interchange": false, "mode": "Metro Train"}}, {"type": "Feature", "geometry": {"type": "Point", "coordinates": [144.9213066, -37.71782883]}, "properties": {"stop_id": "vic:rail:OKP_EN2", "stop_name": "Meaker Ave", "full_name": "Meaker Ave", "is_interchange": false, "mode": "Metro Train"}}, {"type": "Feature", "geometry": {"type": "Point", "coordinates": [145.03961342, -37.90321167]}, "properties": {"stop_id": "vic:rail:OMD", "stop_name": "Ormond", "full_name": "Ormond Railway Station", "is_interchange": false, "mode": "Metro Train"}}, {"type": "Feature", "geometry": {"type": "Point", "coordinates": [145.03957873, -37.90366168]}, "properties": {"stop_id": "vic:rail:OMD_EN1", "stop_name": "North Rd", "full_name": "North Rd", "is_interchange": false, "mode": "Metro Train"}}, {"type": "Feature", "geometry": {"type": "Point", "coordinates": [144.973119, -37.811337]}, "properties": {"stop_id": "vic:rail:PAR", "stop_name": "Parliament", "full_name": "Parliament Railway Station", "is_interchange": true, "mode": "Metro Train"}}, {"type": "Feature", "geometry": {"type": "Point", "coordinates": [144.97308814, -37.81121932]}, "properties": {"stop_id": "vic:rail:PAR_DP6", "stop_name": "Decision Point 6", "full_name": "Decision Point 6", "is_interchange": false, "mode": "Metro Train"}}, {"type": "Feature", "geometry": {"type": "Point", "coordinates": [144.97276201, -37.80943838]}, "properties": {"stop_id": "vic:rail:PAR_EN1", "stop_name": "Nicholson St", "full_name": "Nicholson St", "is_interchange": false, "mode": "Metro Train"}}, {"type": "Feature", "geometry": {"type": "Point", "coordinates": [144.97229479, -37.80949342]}, "properties": {"stop_id": "vic:rail:PAR_EN2", "stop_name": "Lonsdale St", "full_name": "Lonsdale St", "is_interchange": false, "mode": "Metro Train"}}, {"type": "Feature", "geometry": {"type": "Point", "coordinates": [144.97302103, -37.81159666]}, "properties": {"stop_id": "vic:rail:PAR_EN3", "stop_name": "Bourke St", "full_name": "Bourke St", "is_interchange": false, "mode": "Metro Train"}}, {"type": "Feature", "geometry": {"type": "Point", "coordinates": [144.97401772, -37.81211847]}, "properties": {"stop_id": "vic:rail:PAR_EN4", "stop_name": "Macarthur St", "full_name": "Macarthur St", "is_interchange": false, "mode": "Metro Train"}}, {"type": "Feature", "geometry": {"type": "Point", "coordinates": [144.97350042, -37.81275842]}, "properties": {"stop_id": "vic:rail:PAR_EN5", "stop_name": "Ulster Lane", "full_name": "Ulster Lane", "is_interchange": false, "mode": "Metro Train"}}, {"type": "Feature", "geometry": {"type": "Point", "coordinates": [144.97385655, -37.8121968]}, "properties": {"stop_id": "vic:rail:PAR_EN6", "stop_name": "Little Collins St", "full_name": "Little Collins St", "is_interchange": false, "mode": "Metro Train"}}, {"type": "Feature", "geometry": {"type": "Point", "coordinates": [144.97251866, -37.80961443]}, "properties": {"stop_id": "vic:rail:PAR_LI1", "stop_name": "Spring St", "full_name": "Spring St", "is_interchange": false, "mode": "Metro Train"}}, {"type": "Feature", "geometry": {"type": "Point", "coordinates": [145.03547003, -37.92514919]}, "properties": {"stop_id": "vic:rail:PAT", "stop_name": "Patterson", "full_name": "Patterson Railway Station", "is_interchange": false, "mode": "Metro Train"}}, {"type": "Feature", "geometry": {"type": "Point", "coordinates": [145.03541303, -37.9255808]}, "properties": {"stop_id": "vic:rail:PAT_EN1", "stop_name": "Patterson Rd", "full_name": "Patterson Rd", "is_interchange": false, "mode": "Metro Train"}}, {"type": "Feature", "geometry": {"type": "Point", "coordinates": [145.07632682, -37.99307882]}, "properties": {"stop_id": "vic:rail:PKD", "stop_name": "Parkdale", "full_name": "Parkdale Railway Station", "is_interchange": false, "mode": "Metro Train"}}, {"type": "Feature", "geometry": {"type": "Point", "coordinates": [145.0749764, -37.99202939]}, "properties": {"stop_id": "vic:rail:PKD_EN1", "stop_name": "Como Pde West", "full_name": "Como Pde West", "is_interchange": false, "mode": "Metro Train"}}, {"type": "Feature", "geometry": {"type": "Point", "coordinates": [145.07510396, -37.99194136]}, "properties": {"stop_id": "vic:rail:PKD_EN2", "stop_name": "Como Pde East", "full_name": "Como Pde East", "is_interchange": false, "mode": "Metro Train"}}, {"type": "Feature", "geometry": {"type": "Point", "coordinates": [145.07514596, -37.99207722]}, "properties": {"stop_id": "vic:rail:PKD_EN3", "stop_name": "Como Pde", "full_name": "Como Pde", "is_interchange": false, "mode": "Metro Train"}}, {"type": "Feature", "geometry": {"type": "Point", "coordinates": [145.48637907, -38.08061397]}, "properties": {"stop_id": "vic:rail:PKM", "stop_name": "Pakenham", "full_name": "Pakenham Railway Station", "is_interchange": false, "mode": "Metro Train"}}, {"type": "Feature", "geometry": {"type": "Point", "coordinates": [145.4852095, -38.08038261]}, "properties": {"stop_id": "vic:rail:PKM_EN1", "stop_name": "Bald Hill Ave", "full_name": "Bald Hill Ave", "is_interchange": false, "mode": "Metro Train"}}, {"type": "Feature", "geometry": {"type": "Point", "coordinates": [144.95954246, -37.79987386]}, "properties": {"stop_id": "vic:rail:PKV", "stop_name": "Parkville", "full_name": "Parkville Railway Station", "is_interchange": false, "mode": "Metro Train"}}, {"type": "Feature", "geometry": {"type": "Point", "coordinates": [144.9589418, -37.79982741]}, "properties": {"stop_id": "vic:rail:PKV_CN3", "stop_name": "Concourse 3", "full_name": "Concourse 3", "is_interchange": false, "mode": "Metro Train"}}, {"type": "Feature", "geometry": {"type": "Point", "coordinates": [144.95962242, -37.79985723]}, "properties": {"stop_id": "vic:rail:PKV_EN1", "stop_name": "Grattan St East", "full_name": "Grattan St East", "is_interchange": false, "mode": "Metro Train"}}, {"type": "Feature", "geometry": {"type": "Point", "coordinates": [144.95799005, -37.79933328]}, "properties": {"stop_id": "vic:rail:PKV_EN2", "stop_name": "Royal Pde East", "full_name": "Royal Pde East", "is_interchange": false, "mode": "Metro Train"}}, {"type": "Feature", "geometry": {"type": "Point", "coordinates": [144.95734697, -37.79917794]}, "properties": {"stop_id": "vic:rail:PKV_EN3", "stop_name": "Royal Pde West", "full_name": "Royal Pde West", "is_interchange": false, "mode": "Metro Train"}}, {"type": "Feature", "geometry": {"type": "Point", "coordinates": [144.95654955, -37.79967778]}, "properties": {"stop_id": "vic:rail:PKV_EN4", "stop_name": "Grattan St West", "full_name": "Grattan St West", "is_interchange": false, "mode": "Metro Train"}}, {"type": "Feature", "geometry": {"type": "Point", "coordinates": [144.98985992, -37.84951848]}, "properties": {"stop_id": "vic:rail:PRA", "stop_name": "Prahran", "full_name": "Prahran Railway Station", "is_interchange": false, "mode": "Metro Train"}}, {"type": "Feature", "geometry": {"type": "Point", "coordinates": [144.98972385, -37.84950715]}, "properties": {"stop_id": "vic:rail:PRA_EN1", "stop_name": "Greville St", "full_name": "Greville St", "is_interchange": false, "mode": "Metro Train"}}, {"type": "Feature", "geometry": {"type": "Point", "coordinates": [144.99000956, -37.84944895]}, "properties": {"stop_id": "vic:rail:PRA_EN3", "stop_name": "Porter St", "full_name": "Porter St", "is_interchange": false, "mode": "Metro Train"}}, {"type": "Feature", "geometry": {"type": "Point", "coordinates": [145.00052198, -37.73867424]}, "properties": {"stop_id": "vic:rail:PRE", "stop_name": "Preston", "full_name": "Preston Railway Station", "is_interchange": false, "mode": "Metro Train"}}, {"type": "Feature", "geometry": {"type": "Point", "coordinates": [145.00058209, -37.73854909]}, "properties": {"stop_id": "vic:rail:PRE_EN1", "stop_name": "Murray Rd", "full_name": "Murray Rd", "is_interchange": false, "mode": "Metro Train"}}, {"type": "Feature", "geometry": {"type": "Point", "coordinates": [145.00050288, -37.7389623]}, "properties": {"stop_id": "vic:rail:PRE_EN2", "stop_name": "Cramer St", "full_name": "Cramer St", "is_interchange": false, "mode": "Metro Train"}}, {"type": "Feature", "geometry": {"type": "Point", "coordinates": [144.92819562, -37.73075596]}, "properties": {"stop_id": "vic:rail:PVL", "stop_name": "Pascoe Vale", "full_name": "Pascoe Vale Railway Station", "is_interchange": false, "mode": "Metro Train"}}, {"type": "Feature", "geometry": {"type": "Point", "coordinates": [144.92830096, -37.73064065]}, "properties": {"stop_id": "vic:rail:PVL_EN1", "stop_name": "Burgundy St", "full_name": "Burgundy St", "is_interchange": false, "mode": "Metro Train"}}, {"type": "Feature", "geometry": {"type": "Point", "coordinates": [145.00277256, -37.72840277]}, "properties": {"stop_id": "vic:rail:REG", "stop_name": "Regent", "full_name": "Regent Railway Station", "is_interchange": false, "mode": "Metro Train"}}, {"type": "Feature", "geometry": {"type": "Point", "coordinates": [145.00299845, -37.72801909]}, "properties": {"stop_id": "vic:rail:REG_DP1", "stop_name": "Decision Point", "full_name": "Decision Point", "is_interchange": false, "mode": "Metro Train"}}, {"type": "Feature", "geometry": {"type": "Point", "coordinates": [145.00307684, -37.72848002]}, "properties": {"stop_id": "vic:rail:REG_EN1", "stop_name": "Robinson Rd", "full_name": "Robinson Rd", "is_interchange": false, "mode": "Metro Train"}}, {"type": "Feature", "geometry": {"type": "Point", "coordinates": [145.00263719, -37.72837344]}, "properties": {"stop_id": "vic:rail:REG_EN5", "stop_name": "Verdun Grove", "full_name": "Verdun Grove", "is_interchange": false, "mode": "Metro Train"}}, {"type": "Feature", "geometry": {"type": "Point", "coordinates": [145.00699582, -37.71688492]}, "properties": {"stop_id": "vic:rail:RES", "stop_name": "Reservoir", "full_name": "Reservoir Railway Station", "is_interchange": false, "mode": "Metro Train"}}, {"type": "Feature", "geometry": {"type": "Point", "coordinates": [144.99525782, -37.87596086]}, "properties": {"stop_id": "vic:rail:RIP", "stop_name": "Ripponlea", "full_name": "Ripponlea Railway Station", "is_interchange": false, "mode": "Metro Train"}}, {"type": "Feature", "geometry": {"type": "Point", "coordinates": [144.99508614, -37.87600299]}, "properties": {"stop_id": "vic:rail:RIP_EN1", "stop_name": "Morres St", "full_name": "Morres St", "is_interchange": false, "mode": "Metro Train"}}, {"type": "Feature", "geometry": {"type": "Point", "coordinates": [144.99535215, -37.8758363]}, "properties": {"stop_id": "vic:rail:RIP_EN2", "stop_name": "Glen Eira Ave", "full_name": "Glen Eira Ave", "is_interchange": false, "mode": "Metro Train"}}, {"type": "Feature", "geometry": {"type": "Point", "coordinates": [145.06964598, -37.83150543]}, "properties": {"stop_id": "vic:rail:RIV", "stop_name": "Riversdale", "full_name": "Riversdale Railway Station", "is_interchange": false, "mode": "Metro Train"}}, {"type": "Feature", "geometry": {"type": "Point", "coordinates": [145.06945314, -37.83149326]}, "properties": {"stop_id": "vic:rail:RIV_EN1", "stop_name": "Wandin Rd", "full_name": "Wandin Rd", "is_interchange": false, "mode": "Metro Train"}}, {"type": "Feature", "geometry": {"type": "Point", "coordinates": [144.99016426, -37.82407446]}, "properties": {"stop_id": "vic:rail:RMD", "stop_name": "Richmond", "full_name": "Richmond Railway Station", "is_interchange": true, "mode": "Metro Train"}}, {"type": "Feature", "geometry": {"type": "Point", "coordinates": [144.98919842, -37.82366145]}, "properties": {"stop_id": "vic:rail:RMD_DP10", "stop_name": "Decision Point 10", "full_name": "Decision Point 10", "is_interchange": false, "mode": "Metro Train"}}, {"type": "Feature", "geometry": {"type": "Point", "coordinates": [144.98922431, -37.82354473]}, "properties": {"stop_id": "vic:rail:RMD_DP11", "stop_name": "Decision Point 11", "full_name": "Decision Point 11", "is_interchange": false, "mode": "Metro Train"}}, {"type": "Feature", "geometry": {"type": "Point", "coordinates": [144.98791376, -37.82369357]}, "properties": {"stop_id": "vic:rail:RMD_DP12", "stop_name": "Decision Point 12", "full_name": "Decision Point 12", "is_interchange": false, "mode": "Metro Train"}}, {"type": "Feature", "geometry": {"type": "Point", "coordinates": [144.98797347, -37.82358645]}, "properties": {"stop_id": "vic:rail:RMD_DP13", "stop_name": "Decision Point 13", "full_name": "Decision Point 13", "is_interchange": false, "mode": "Metro Train"}}, {"type": "Feature", "geometry": {"type": "Point", "coordinates": [144.98802207, -37.82347013]}, "properties": {"stop_id": "vic:rail:RMD_DP14", "stop_name": "Decision Point 14", "full_name": "Decision Point 14", "is_interchange": false, "mode": "Metro Train"}}, {"type": "Feature", "geometry": {"type": "Point", "coordinates": [144.98807092, -37.8233448]}, "properties": {"stop_id": "vic:rail:RMD_DP15", "stop_name": "Decision Point 15", "full_name": "Decision Point 15", "is_interchange": false, "mode": "Metro Train"}}, {"type": "Feature", "geometry": {"type": "Point", "coordinates": [144.98811952, -37.82322847]}, "properties": {"stop_id": "vic:rail:RMD_DP16", "stop_name": "Decision Point 16", "full_name": "Decision Point 16", "is_interchange": false, "mode": "Metro Train"}}, {"type": "Feature", "geometry": {"type": "Point", "coordinates": [144.99066085, -37.82461463]}, "properties": {"stop_id": "vic:rail:RMD_DP17", "stop_name": "Decision Point 17", "full_name": "Decision Point 17", "is_interchange": false, "mode": "Metro Train"}}, {"type": "Feature", "geometry": {"type": "Point", "coordinates": [144.98913162, -37.82402979]}, "properties": {"stop_id": "vic:rail:RMD_DP7", "stop_name": "Decision Point 7", "full_name": "Decision Point 7", "is_interchange": false, "mode": "Metro Train"}}, {"type": "Feature", "geometry": {"type": "Point", "coordinates": [144.98915751, -37.82391308]}, "properties": {"stop_id": "vic:rail:RMD_DP8", "stop_name": "Decision Point 8", "full_name": "Decision Point 8", "is_interchange": false, "mode": "Metro Train"}}, {"type": "Feature", "geometry": {"type": "Point", "coordinates": [144.98918364, -37.82378736]}, "properties": {"stop_id": "vic:rail:RMD_DP9", "stop_name": "Decision Point 9", "full_name": "Decision Point 9", "is_interchange": false, "mode": "Metro Train"}}, {"type": "Feature", "geometry": {"type": "Point", "coordinates": [144.99029502, -37.8246985]}, "properties": {"stop_id": "vic:rail:RMD_EN1", "stop_name": "Swan St", "full_name": "Swan St", "is_interchange": false, "mode": "Metro Train"}}, {"type": "Feature", "geometry": {"type": "Point", "coordinates": [144.99071471, -37.82388559]}, "properties": {"stop_id": "vic:rail:RMD_EN3", "stop_name": "Stewart St", "full_name": "Stewart St", "is_interchange": false, "mode": "Metro Train"}}, {"type": "Feature", "geometry": {"type": "Point", "coordinates": [145.06614029, -37.7428786]}, "properties": {"stop_id": "vic:rail:ROS", "stop_name": "Rosanna", "full_name": "Rosanna Railway Station", "is_interchange": false, "mode": "Metro Train"}}, {"type": "Feature", "geometry": {"type": "Point", "coordinates": [145.06610406, -37.74252654]}, "properties": {"stop_id": "vic:rail:ROS_EN1", "stop_name": "Lower Plenty Rd", "full_name": "Lower Plenty Rd", "is_interchange": false, "mode": "Metro Train"}}, {"type": "Feature", "geometry": {"type": "Point", "coordinates": [145.06637045, -37.74275621]}, "properties": {"stop_id": "vic:rail:ROS_EN3", "stop_name": "Turnham Ave", "full_name": "Turnham Ave", "is_interchange": false, "mode": "Metro Train"}}, {"type": "Feature", "geometry": {"type": "Point", "coordinates": [145.06597154, -37.74282176]}, "properties": {"stop_id": "vic:rail:ROS_EN4", "stop_name": "Beetham Pde", "full_name": "Beetham Pde", "is_interchange": false, "mode": "Metro Train"}}, {"type": "Feature", "geometry": {"type": "Point", "coordinates": [145.06626821, -37.74319612]}, "properties": {"stop_id": "vic:rail:ROS_EN5", "stop_name": "Station Car Park", "full_name": "Station Car Park", "is_interchange": false, "mode": "Metro Train"}}, {"type": "Feature", "geometry": {"type": "Point", "coordinates": [144.95230127, -37.78119293]}, "properties": {"stop_id": "vic:rail:RPK", "stop_name": "Royal Park", "full_name": "Royal Park Railway Station", "is_interchange": false, "mode": "Metro Train"}}, {"type": "Feature", "geometry": {"type": "Point", "coordinates": [144.9516842, -37.7813354]}, "properties": {"stop_id": "vic:rail:RPK_EN1", "stop_name": "Poplar Rd", "full_name": "Poplar Rd", "is_interchange": false, "mode": "Metro Train"}}, {"type": "Feature", "geometry": {"type": "Point", "coordinates": [144.99240708, -37.78321711]}, "properties": {"stop_id": "vic:rail:RUS", "stop_name": "Rushall", "full_name": "Rushall Railway Station", "is_interchange": false, "mode": "Metro Train"}}, {"type": "Feature", "geometry": {"type": "Point", "coordinates": [144.99264834, -37.78311308]}, "properties": {"stop_id": "vic:rail:RUS_EN1", "stop_name": "Rushall Brg", "full_name": "Rushall Station Brg", "is_interchange": false, "mode": "Metro Train"}}, {"type": "Feature", "geometry": {"type": "Point", "coordinates": [144.99168876, -37.78290747]}, "properties": {"stop_id": "vic:rail:RUS_EN3", "stop_name": "Falconer St", "full_name": "Falconer St", "is_interchange": false, "mode": "Metro Train"}}, {"type": "Feature", "geometry": {"type": "Point", "coordinates": [144.99219241, -37.7831774]}, "properties": {"stop_id": "vic:rail:RUS_EN5", "stop_name": "Summer Ave", "full_name": "Summer Ave", "is_interchange": false, "mode": "Metro Train"}}, {"type": "Feature", "geometry": {"type": "Point", "coordinates": [145.00951662, -37.70789754]}, "properties": {"stop_id": "vic:rail:RUT", "stop_name": "Ruthven", "full_name": "Ruthven Railway Station", "is_interchange": false, "mode": "Metro Train"}}, {"type": "Feature", "geometry": {"type": "Point", "coordinates": [145.00982249, -37.70748815]}, "properties": {"stop_id": "vic:rail:RUT_EN1", "stop_name": "Macartney St", "full_name": "Macartney St", "is_interchange": false, "mode": "Metro Train"}}, {"type": "Feature", "geometry": {"type": "Point", "coordinates": [145.22896846, -37.81588648]}, "properties": {"stop_id": "vic:rail:RWD", "stop_name": "Ringwood", "full_name": "Ringwood Railway Station", "is_interchange": false, "mode": "Metro Train"}}, {"type": "Feature", "geometry": {"type": "Point", "coordinates": [145.25019091, -37.81196804]}, "properties": {"stop_id": "vic:rail:RWE", "stop_name": "Ringwood East", "full_name": "Ringwood East Railway Station", "is_interchange": false, "mode": "Metro Train"}}, {"type": "Feature", "geometry": {"type": "Point", "coordinates": [145.24996052, -37.81162216]}, "properties": {"stop_id": "vic:rail:RWE_EN2", "stop_name": "Patterson St", "full_name": "Patterson St", "is_interchange": false, "mode": "Metro Train"}}, {"type": "Feature", "geometry": {"type": "Point", "coordinates": [144.93540368, -37.63823121]}, "properties": {"stop_id": "vic:rail:RXP", "stop_name": "Roxburgh Park", "full_name": "Roxburgh Park Railway Station", "is_interchange": false, "mode": "Metro Train"}}, {"type": "Feature", "geometry": {"type": "Point", "coordinates": [144.93507645, -37.63818042]}, "properties": {"stop_id": "vic:rail:RXP_EN1", "stop_name": "Thomas Brunton Pde", "full_name": "Thomas Brunton Pde", "is_interchange": false, "mode": "Metro Train"}}, {"type": "Feature", "geometry": {"type": "Point", "coordinates": [144.80005045, -37.74486131]}, "properties": {"stop_id": "vic:rail:SAB", "stop_name": "St Albans (St Albans)", "full_name": "St Albans Railway Station (St Albans)", "is_interchange": false, "mode": "Metro Train"}}, {"type": "Feature", "geometry": {"type": "Point", "coordinates": [144.7994792, -37.74460733]}, "properties": {"stop_id": "vic:rail:SAB_EN2", "stop_name": "Mckechine St", "full_name": "Mckechine St", "is_interchange": false, "mode": "Metro Train"}}, {"type": "Feature", "geometry": {"type": "Point", "coordinates": [145.1282304, -38.10402104]}, "properties": {"stop_id": "vic:rail:SEA", "stop_name": "Seaford", "full_name": "Seaford Railway Station", "is_interchange": false, "mode": "Metro Train"}}, {"type": "Feature", "geometry": {"type": "Point", "coordinates": [145.12812744, -38.10358684]}, "properties": {"stop_id": "vic:rail:SEA_EN2", "stop_name": "Railway Pde", "full_name": "Railway Pde", "is_interchange": false, "mode": "Metro Train"}}, {"type": "Feature", "geometry": {"type": "Point", "coordinates": [144.89567157, -37.80900514]}, "properties": {"stop_id": "vic:rail:SEN", "stop_name": "Seddon", "full_name": "Seddon Railway Station", "is_interchange": false, "mode": "Metro Train"}}, {"type": "Feature", "geometry": {"type": "Point", "coordinates": [144.89550256, -37.80895706]}, "properties": {"stop_id": "vic:rail:SEN_EN1", "stop_name": "Pentland Pde", "full_name": "Pentland Pde", "is_interchange": false, "mode": "Metro Train"}}, {"type": "Feature", "geometry": {"type": "Point", "coordinates": [144.89573611, -37.80913246]}, "properties": {"stop_id": "vic:rail:SEN_EN4", "stop_name": "Bellairs Ave", "full_name": "Bellairs Ave", "is_interchange": false, "mode": "Metro Train"}}, {"type": "Feature", "geometry": {"type": "Point", "coordinates": [144.91425689, -37.7834722]}, "properties": {"stop_id": "vic:rail:SGS", "stop_name": "Showgrounds", "full_name": "Showgrounds Railway Station", "is_interchange": false, "mode": "Metro Train"}}, {"type": "Feature", "geometry": {"type": "Point", "coordinates": [144.91426246, -37.78327404]}, "properties": {"stop_id": "vic:rail:SGS_EN1", "stop_name": "Showgrounds", "full_name": "Showgrounds", "is_interchange": false, "mode": "Metro Train"}}, {"type": "Feature", "geometry": {"type": "Point", "coordinates": [144.84095773, -37.86784231]}, "properties": {"stop_id": "vic:rail:SHE", "stop_name": "Seaholme", "full_name": "Seaholme Railway Station", "is_interchange": false, "mode": "Metro Train"}}, {"type": "Feature", "geometry": {"type": "Point", "coordinates": [145.00456136, -37.95033018]}, "properties": {"stop_id": "vic:rail:SHM", "stop_name": "Sandringham", "full_name": "Sandringham Railway Station", "is_interchange": false, "mode": "Metro Train"}}, {"type": "Feature", "geometry": {"type": "Point", "coordinates": [144.92546901, -37.79953087]}, "properties": {"stop_id": "vic:rail:SKN", "stop_name": "South Kensington", "full_name": "South Kensington Railway Station", "is_interchange": false, "mode": "Metro Train"}}, {"type": "Feature", "geometry": {"type": "Point", "coordinates": [144.92591651, -37.79936753]}, "properties": {"stop_id": "vic:rail:SKN_EN1", "stop_name": "Childers St", "full_name": "Childers St", "is_interchange": false, "mode": "Metro Train"}}, {"type": "Feature", "geometry": {"type": "Point", "coordinates": [144.92731571, -37.74359132]}, "properties": {"stop_id": "vic:rail:SME", "stop_name": "Strathmore", "full_name": "Strathmore Railway Station", "is_interchange": false, "mode": "Metro Train"}}, {"type": "Feature", "geometry": {"type": "Point", "coordinates": [144.92697316, -37.7436664]}, "properties": {"stop_id": "vic:rail:SME_EN3", "stop_name": "Pascoe Ave", "full_name": "Pascoe Ave", "is_interchange": false, "mode": "Metro Train"}}, {"type": "Feature", "geometry": {"type": "Point", "coordinates": [144.92727386, -37.74346442]}, "properties": {"stop_id": "vic:rail:SME_EN4", "stop_name": "Amelia Ave", "full_name": "Amelia Ave", "is_interchange": false, "mode": "Metro Train"}}, {"type": "Feature", "geometry": {"type": "Point", "coordinates": [145.06701257, -37.64905033]}, "properties": {"stop_id": "vic:rail:SMG", "stop_name": "South Morang", "full_name": "South Morang Railway Station", "is_interchange": false, "mode": "Metro Train"}}, {"type": "Feature", "geometry": {"type": "Point", "coordinates": [145.06809051, -37.6490049]}, "properties": {"stop_id": "vic:rail:SMG_EN1", "stop_name": "Service Rd", "full_name": "Service Rd", "is_interchange": false, "mode": "Metro Train"}}, {"type": "Feature", "geometry": {"type": "Point", "coordinates": [145.06789441, -37.64913687]}, "properties": {"stop_id": "vic:rail:SMG_EN2", "stop_name": "Bus Interchange", "full_name": "Bus Interchange", "is_interchange": false, "mode": "Metro Train"}}, {"type": "Feature", "geometry": {"type": "Point", "coordinates": [145.16282634, -37.95648655]}, "properties": {"stop_id": "vic:rail:SNP", "stop_name": "Sandown Park", "full_name": "Sandown Park Railway Station", "is_interchange": false, "mode": "Metro Train"}}, {"type": "Feature", "geometry": {"type": "Point", "coordinates": [145.16327665, -37.95714244]}, "properties": {"stop_id": "vic:rail:SNP_EN1", "stop_name": "Lightwood Rd", "full_name": "Lightwood Rd", "is_interchange": false, "mode": "Metro Train"}}, {"type": "Feature", "geometry": {"type": "Point", "coordinates": [145.04864786, -37.95813507]}, "properties": {"stop_id": "vic:rail:SOU", "stop_name": "Southland", "full_name": "Southland Railway Station", "is_interchange": false, "mode": "Metro Train"}}, {"type": "Feature", "geometry": {"type": "Point", "coordinates": [145.15345183, -37.94950878]}, "properties": {"stop_id": "vic:rail:SPG", "stop_name": "Springvale", "full_name": "Springvale Railway Station", "is_interchange": false, "mode": "Metro Train"}}, {"type": "Feature", "geometry": {"type": "Point", "coordinates": [144.88593345, -37.83063888]}, "properties": {"stop_id": "vic:rail:SPT", "stop_name": "Spotswood", "full_name": "Spotswood Railway Station", "is_interchange": false, "mode": "Metro Train"}}, {"type": "Feature", "geometry": {"type": "Point", "coordinates": [144.88579795, -37.83060941]}, "properties": {"stop_id": "vic:rail:SPT_EN1", "stop_name": "Hope St", "full_name": "Hope St", "is_interchange": false, "mode": "Metro Train"}}, {"type": "Feature", "geometry": {"type": "Point", "coordinates": [144.95277706, -37.8186631]}, "properties": {"stop_id": "vic:rail:SSS", "stop_name": "Southern Cross", "full_name": "Southern Cross Railway Station", "is_interchange": true, "mode": "Metro Train"}}, {"type": "Feature", "geometry": {"type": "Point", "coordinates": [144.95256559, -37.81727161]}, "properties": {"stop_id": "vic:rail:SSS_bDP1", "stop_name": "Bourke St DP", "full_name": "Bourke St DP", "is_interchange": false, "mode": "Metro Train"}}, {"type": "Feature", "geometry": {"type": "Point", "coordinates": [144.95249136, -37.81913575]}, "properties": {"stop_id": "vic:rail:SSS_cCN1", "stop_name": "C St Concourse", "full_name": "C St Concourse", "is_interchange": false, "mode": "Metro Train"}}, {"type": "Feature", "geometry": {"type": "Point", "coordinates": [144.95284833, -37.81896173]}, "properties": {"stop_id": "vic:rail:SSS_cDP1", "stop_name": "Collins St DP", "full_name": "Collins St DP", "is_interchange": false, "mode": "Metro Train"}}, {"type": "Feature", "geometry": {"type": "Point", "coordinates": [144.95259893, -37.81935391]}, "properties": {"stop_id": "vic:rail:SSS_cEN1", "stop_name": "Collins St", "full_name": "Collins St", "is_interchange": false, "mode": "Metro Train"}}, {"type": "Feature", "geometry": {"type": "Point", "coordinates": [144.95099708, -37.81771294]}, "properties": {"stop_id": "vic:rail:SSS_dDP1", "stop_name": "Docklands DP", "full_name": "Docklands DP", "is_interchange": false, "mode": "Metro Train"}}, {"type": "Feature", "geometry": {"type": "Point", "coordinates": [144.95067641, -37.81780649]}, "properties": {"stop_id": "vic:rail:SSS_dEN1", "stop_name": "Docklands Stadium", "full_name": "Docklands Stadium", "is_interchange": false, "mode": "Metro Train"}}, {"type": "Feature", "geometry": {"type": "Point", "coordinates": [144.95341955, -37.81884549]}, "properties": {"stop_id": "vic:rail:SSS_LI1", "stop_name": "Spencer St Lift 1", "full_name": "Spencer St Lift 1", "is_interchange": false, "mode": "Metro Train"}}, {"type": "Feature", "geometry": {"type": "Point", "coordinates": [144.95281051, -37.81704157]}, "properties": {"stop_id": "vic:rail:SSS_LI2", "stop_name": "Bourke St Lift 2", "full_name": "Bourke St Lift 2", "is_interchange": false, "mode": "Metro Train"}}, {"type": "Feature", "geometry": {"type": "Point", "coordinates": [144.95161047, -37.8177146]}, "properties": {"stop_id": "vic:rail:SSS_LI3", "stop_name": "Docklands Lift", "full_name": "Docklands Lift", "is_interchange": false, "mode": "Metro Train"}}, {"type": "Feature", "geometry": {"type": "Point", "coordinates": [144.95259679, -37.81902043]}, "properties": {"stop_id": "vic:rail:SSS_LI6", "stop_name": "Collins St Lift", "full_name": "Collins St Lift", "is_interchange": false, "mode": "Metro Train"}}, {"type": "Feature", "geometry": {"type": "Point", "coordinates": [144.9535694, -37.81876699]}, "properties": {"stop_id": "vic:rail:SSS_sCN1", "stop_name": "S St Concourse", "full_name": "S St Concourse", "is_interchange": false, "mode": "Metro Train"}}, {"type": "Feature", "geometry": {"type": "Point", "coordinates": [144.9535597, -37.81911828]}, "properties": {"stop_id": "vic:rail:SSS_TX1", "stop_name": "Taxi Zone 1", "full_name": "Taxi Zone 1", "is_interchange": false, "mode": "Metro Train"}}, {"type": "Feature", "geometry": {"type": "Point", "coordinates": [144.95335145, -37.8176097]}, "properties": {"stop_id": "vic:rail:SSS_TX2", "stop_name": "Taxi Zone 2", "full_name": "Taxi Zone 2", "is_interchange": false, "mode": "Metro Train"}}, {"type": "Feature", "geometry": {"type": "Point", "coordinates": [144.9632775, -37.80943693]}, "properties": {"stop_id": "vic:rail:STL", "stop_name": "State Library", "full_name": "State Library Railway Station", "is_interchange": false, "mode": "Metro Train"}}, {"type": "Feature", "geometry": {"type": "Point", "coordinates": [144.96318535, -37.8074167]}, "properties": {"stop_id": "vic:rail:STL_EN2", "stop_name": "Franklin St", "full_name": "Franklin St", "is_interchange": false, "mode": "Metro Train"}}, {"type": "Feature", "geometry": {"type": "Point", "coordinates": [144.96367947, -37.80720896]}, "properties": {"stop_id": "vic:rail:STL_fDP1", "stop_name": "Franklin St DP 1", "full_name": "Franklin St DP 1", "is_interchange": false, "mode": "Metro Train"}}, {"type": "Feature", "geometry": {"type": "Point", "coordinates": [144.9629921, -37.80742237]}, "properties": {"stop_id": "vic:rail:STL_fDP2", "stop_name": "Franklin St DP 2", "full_name": "Franklin St DP 2", "is_interchange": false, "mode": "Metro Train"}}, {"type": "Feature", "geometry": {"type": "Point", "coordinates": [144.9629099, -37.80752008]}, "properties": {"stop_id": "vic:rail:STL_fDP3", "stop_name": "Franklin St DP 3", "full_name": "Franklin St DP 3", "is_interchange": false, "mode": "Metro Train"}}, {"type": "Feature", "geometry": {"type": "Point", "coordinates": [144.96302426, -37.80955871]}, "properties": {"stop_id": "vic:rail:STL_sCN1", "stop_name": "Swanston St CN 1", "full_name": "Swanston St CN 1", "is_interchange": false, "mode": "Metro Train"}}, {"type": "Feature", "geometry": {"type": "Point", "coordinates": [144.96329723, -37.80954541]}, "properties": {"stop_id": "vic:rail:STL_sCN2", "stop_name": "Swanston St CN 2", "full_name": "Swanston St CN 2", "is_interchange": false, "mode": "Metro Train"}}, {"type": "Feature", "geometry": {"type": "Point", "coordinates": [144.96293099, -37.80923268]}, "properties": {"stop_id": "vic:rail:STL_sDP1", "stop_name": "Swanston St DP 1", "full_name": "Swanston St DP 1", "is_interchange": false, "mode": "Metro Train"}}, {"type": "Feature", "geometry": {"type": "Point", "coordinates": [144.96330447, -37.80845511]}, "properties": {"stop_id": "vic:rail:STL_sDP2", "stop_name": "Swanston St DP 2", "full_name": "Swanston St DP 2", "is_interchange": false, "mode": "Metro Train"}}, {"type": "Feature", "geometry": {"type": "Point", "coordinates": [145.22183746, -38.37423454]}, "properties": {"stop_id": "vic:rail:STY", "stop_name": "Stony Point", "full_name": "Stony Point Railway Station", "is_interchange": false, "mode": "Metro Train"}}, {"type": "Feature", "geometry": {"type": "Point", "coordinates": [144.8328782, -37.78853633]}, "properties": {"stop_id": "vic:rail:SUN", "stop_name": "Sunshine", "full_name": "Sunshine Railway Station", "is_interchange": false, "mode": "Metro Train"}}, {"type": "Feature", "geometry": {"type": "Point", "coordinates": [144.83274353, -37.78770479]}, "properties": {"stop_id": "vic:rail:SUN_EN1", "stop_name": "Station Pl", "full_name": "Station Pl", "is_interchange": false, "mode": "Metro Train"}}, {"type": "Feature", "geometry": {"type": "Point", "coordinates": [144.83216686, -37.78800958]}, "properties": {"stop_id": "vic:rail:SUN_EN5", "stop_name": "City Pl", "full_name": "City Pl", "is_interchange": false, "mode": "Metro Train"}}, {"type": "Feature", "geometry": {"type": "Point", "coordinates": [144.72798098, -37.57928396]}, "properties": {"stop_id": "vic:rail:SUY", "stop_name": "Sunbury", "full_name": "Sunbury Railway Station", "is_interchange": false, "mode": "Metro Train"}}, {"type": "Feature", "geometry": {"type": "Point", "coordinates": [144.72816615, -37.57915235]}, "properties": {"stop_id": "vic:rail:SUY_EN1", "stop_name": "Brook St", "full_name": "Brook St", "is_interchange": false, "mode": "Metro Train"}}, {"type": "Feature", "geometry": {"type": "Point", "coordinates": [144.72786663, -37.57894832]}, "properties": {"stop_id": "vic:rail:SUY_EN4", "stop_name": "Horne St", "full_name": "Horne St", "is_interchange": false, "mode": "Metro Train"}}, {"type": "Feature", "geometry": {"type": "Point", "coordinates": [145.17624492, -38.22534196]}, "properties": {"stop_id": "vic:rail:SVE", "stop_name": "Somerville", "full_name": "Somerville Railway Station", "is_interchange": false, "mode": "Metro Train"}}, {"type": "Feature", "geometry": {"type": "Point", "coordinates": [145.14978071, -37.87622062]}, "properties": {"stop_id": "vic:rail:SYN", "stop_name": "Syndal", "full_name": "Syndal Railway Station", "is_interchange": false, "mode": "Metro Train"}}, {"type": "Feature", "geometry": {"type": "Point", "coordinates": [145.14916138, -37.87643618]}, "properties": {"stop_id": "vic:rail:SYN_EN2", "stop_name": "Coleman Pde", "full_name": "Coleman Pde", "is_interchange": false, "mode": "Metro Train"}}, {"type": "Feature", "geometry": {"type": "Point", "coordinates": [145.14921563, -37.87608557]}, "properties": {"stop_id": "vic:rail:SYN_EN4", "stop_name": "Hunter St", "full_name": "Hunter St", "is_interchange": false, "mode": "Metro Train"}}, {"type": "Feature", "geometry": {"type": "Point", "coordinates": [144.99234221, -37.83844935]}, "properties": {"stop_id": "vic:rail:SYR", "stop_name": "South Yarra", "full_name": "South Yarra Railway Station", "is_interchange": true, "mode": "Metro Train"}}, {"type": "Feature", "geometry": {"type": "Point", "coordinates": [144.99219151, -37.83897847]}, "properties": {"stop_id": "vic:rail:SYR_EN1", "stop_name": "Toorak Rd", "full_name": "Toorak Rd", "is_interchange": false, "mode": "Metro Train"}}, {"type": "Feature", "geometry": {"type": "Point", "coordinates": [145.18640071, -38.259815]}, "properties": {"stop_id": "vic:rail:TAB", "stop_name": "Tyabb", "full_name": "Tyabb Railway Station", "is_interchange": false, "mode": "Metro Train"}}, {"type": "Feature", "geometry": {"type": "Point", "coordinates": [145.18636756, -38.25976943]}, "properties": {"stop_id": "vic:rail:TAB_EN1", "stop_name": "Mornington-Tyabb Rd", "full_name": "Mornington-Tyabb Rd", "is_interchange": false, "mode": "Metro Train"}}, {"type": "Feature", "geometry": {"type": "Point", "coordinates": [144.99857152, -37.75505179]}, "properties": {"stop_id": "vic:rail:TBY", "stop_name": "Thornbury", "full_name": "Thornbury Railway Station", "is_interchange": false, "mode": "Metro Train"}}, {"type": "Feature", "geometry": {"type": "Point", "coordinates": [144.99878756, -37.75503744]}, "properties": {"stop_id": "vic:rail:TBY_EN1", "stop_name": "Ethel St", "full_name": "Ethel St", "is_interchange": false, "mode": "Metro Train"}}, {"type": "Feature", "geometry": {"type": "Point", "coordinates": [144.99841414, -37.75499505]}, "properties": {"stop_id": "vic:rail:TBY_EN2", "stop_name": "Clapham St", "full_name": "Clapham St", "is_interchange": false, "mode": "Metro Train"}}, {"type": "Feature", "geometry": {"type": "Point", "coordinates": [145.34299458, -37.90811849]}, "properties": {"stop_id": "vic:rail:TCM", "stop_name": "Tecoma", "full_name": "Tecoma Railway Station", "is_interchange": false, "mode": "Metro Train"}}, {"type": "Feature", "geometry": {"type": "Point", "coordinates": [145.34376134, -37.90841767]}, "properties": {"stop_id": "vic:rail:TCM_EN1", "stop_name": "McNicol Rd", "full_name": "McNicol Rd", "is_interchange": false, "mode": "Metro Train"}}, {"type": "Feature", "geometry": {"type": "Point", "coordinates": [145.04173374, -37.84936553]}, "properties": {"stop_id": "vic:rail:TGA", "stop_name": "Tooronga", "full_name": "Tooronga Railway Station", "is_interchange": false, "mode": "Metro Train"}}, {"type": "Feature", "geometry": {"type": "Point", "coordinates": [145.04166368, -37.84943646]}, "properties": {"stop_id": "vic:rail:TGA_EN1", "stop_name": "Milton Pde", "full_name": "Milton Pde", "is_interchange": false, "mode": "Metro Train"}}, {"type": "Feature", "geometry": {"type": "Point", "coordinates": [145.04186037, -37.84930456]}, "properties": {"stop_id": "vic:rail:TGA_EN2", "stop_name": "Tooronga Rd", "full_name": "Tooronga Rd", "is_interchange": false, "mode": "Metro Train"}}, {"type": "Feature", "geometry": {"type": "Point", "coordinates": [144.96709126, -37.81699161]}, "properties": {"stop_id": "vic:rail:THL", "stop_name": "Town Hall", "full_name": "Town Hall Railway Station", "is_interchange": false, "mode": "Metro Train"}}, {"type": "Feature", "geometry": {"type": "Point", "coordinates": [144.96708686, -37.81591012]}, "properties": {"stop_id": "vic:rail:THL_cDP1", "stop_name": "Collins St DP1", "full_name": "Collins St DP1", "is_interchange": false, "mode": "Metro Train"}}, {"type": "Feature", "geometry": {"type": "Point", "coordinates": [144.96723643, -37.81625515]}, "properties": {"stop_id": "vic:rail:THL_cDP2", "stop_name": "Collins St DP2", "full_name": "Collins St DP2", "is_interchange": false, "mode": "Metro Train"}}, {"type": "Feature", "geometry": {"type": "Point", "coordinates": [144.96704341, -37.81583728]}, "properties": {"stop_id": "vic:rail:THL_cDP3", "stop_name": "Collins St DP3", "full_name": "Collins St DP3", "is_interchange": false, "mode": "Metro Train"}}, {"type": "Feature", "geometry": {"type": "Point", "coordinates": [144.96701479, -37.81563852]}, "properties": {"stop_id": "vic:rail:THL_cDP4", "stop_name": "Collins St DP4", "full_name": "Collins St DP4", "is_interchange": false, "mode": "Metro Train"}}, {"type": "Feature", "geometry": {"type": "Point", "coordinates": [144.96674006, -37.81571489]}, "properties": {"stop_id": "vic:rail:THL_cDP5", "stop_name": "Collins St DP5", "full_name": "Collins St DP5", "is_interchange": false, "mode": "Metro Train"}}, {"type": "Feature", "geometry": {"type": "Point", "coordinates": [144.96692045, -37.81700668]}, "properties": {"stop_id": "vic:rail:THL_sDP1", "stop_name": "Swanston St DP1", "full_name": "Swanston St DP1", "is_interchange": false, "mode": "Metro Train"}}, {"type": "Feature", "geometry": {"type": "Point", "coordinates": [144.96668817, -37.81719192]}, "properties": {"stop_id": "vic:rail:THL_sDP2", "stop_name": "Swanston St DP2", "full_name": "Swanston St DP2", "is_interchange": false, "mode": "Metro Train"}}, {"type": "Feature", "geometry": {"type": "Point", "coordinates": [144.96660154, -37.81703722]}, "properties": {"stop_id": "vic:rail:THL_sDP3", "stop_name": "Swanston St DP3", "full_name": "Swanston St DP3", "is_interchange": false, "mode": "Metro Train"}}, {"type": "Feature", "geometry": {"type": "Point", "coordinates": [144.96714113, -37.81683026]}, "properties": {"stop_id": "vic:rail:THL_sDP4", "stop_name": "Swanston St DP4", "full_name": "Swanston St DP4", "is_interchange": false, "mode": "Metro Train"}}, {"type": "Feature", "geometry": {"type": "Point", "coordinates": [145.01390858, -37.85077381]}, "properties": {"stop_id": "vic:rail:TOR", "stop_name": "Toorak", "full_name": "Toorak Railway Station", "is_interchange": false, "mode": "Metro Train"}}, {"type": "Feature", "geometry": {"type": "Point", "coordinates": [145.01380779, -37.85114159]}, "properties": {"stop_id": "vic:rail:TOR_EN1", "stop_name": "Evergreen Mews", "full_name": "Evergreen Mews", "is_interchange": false, "mode": "Metro Train"}}, {"type": "Feature", "geometry": {"type": "Point", "coordinates": [145.01422425, -37.85086925]}, "properties": {"stop_id": "vic:rail:TOR_EN2", "stop_name": "Beatty Ave", "full_name": "Beatty Ave", "is_interchange": false, "mode": "Metro Train"}}, {"type": "Feature", "geometry": {"type": "Point", "coordinates": [144.86294494, -37.7992509]}, "properties": {"stop_id": "vic:rail:TOT", "stop_name": "Tottenham", "full_name": "Tottenham Railway Station", "is_interchange": false, "mode": "Metro Train"}}, {"type": "Feature", "geometry": {"type": "Point", "coordinates": [144.86244004, -37.79943098]}, "properties": {"stop_id": "vic:rail:TOT_EN1", "stop_name": "Sunshine Rd", "full_name": "Sunshine Rd", "is_interchange": false, "mode": "Metro Train"}}, {"type": "Feature", "geometry": {"type": "Point", "coordinates": [144.86218675, -37.79915603]}, "properties": {"stop_id": "vic:rail:TOT_EN2", "stop_name": "Ashley St", "full_name": "Ashley St", "is_interchange": false, "mode": "Metro Train"}}, {"type": "Feature", "geometry": {"type": "Point", "coordinates": [145.01427887, -37.68033809]}, "properties": {"stop_id": "vic:rail:TSN", "stop_name": "Thomastown", "full_name": "Thomastown Railway Station", "is_interchange": false, "mode": "Metro Train"}}, {"type": "Feature", "geometry": {"type": "Point", "coordinates": [145.01432901, -37.68015869]}, "properties": {"stop_id": "vic:rail:TSN_DP1", "stop_name": "Overpass", "full_name": "Overpass", "is_interchange": false, "mode": "Metro Train"}}, {"type": "Feature", "geometry": {"type": "Point", "coordinates": [144.94673994, -37.66607779]}, "properties": {"stop_id": "vic:rail:UFD", "stop_name": "Upfield", "full_name": "Upfield Railway Station", "is_interchange": false, "mode": "Metro Train"}}, {"type": "Feature", "geometry": {"type": "Point", "coordinates": [144.94688874, -37.66602631]}, "properties": {"stop_id": "vic:rail:UFD_EN1", "stop_name": "Barry Rd", "full_name": "Barry Rd", "is_interchange": false, "mode": "Metro Train"}}, {"type": "Feature", "geometry": {"type": "Point", "coordinates": [145.30753019, -37.8926717]}, "properties": {"stop_id": "vic:rail:UFG", "stop_name": "Upper Ferntree Gully", "full_name": "Upper Ferntree Gully Railway Station", "is_interchange": false, "mode": "Metro Train"}}, {"type": "Feature", "geometry": {"type": "Point", "coordinates": [145.30853517, -37.89298355]}, "properties": {"stop_id": "vic:rail:UFG_EN1", "stop_name": "Burwood Hwy", "full_name": "Burwood Hwy", "is_interchange": false, "mode": "Metro Train"}}, {"type": "Feature", "geometry": {"type": "Point", "coordinates": [145.10034527, -37.82315506]}, "properties": {"stop_id": "vic:rail:UNN", "stop_name": "Union", "full_name": "Union Railway Station", "is_interchange": false, "mode": "Metro Train"}}, {"type": "Feature", "geometry": {"type": "Point", "coordinates": [145.33133336, -37.90369097]}, "properties": {"stop_id": "vic:rail:UPW", "stop_name": "Upwey", "full_name": "Upwey Railway Station", "is_interchange": false, "mode": "Metro Train"}}, {"type": "Feature", "geometry": {"type": "Point", "coordinates": [145.33162186, -37.90401049]}, "properties": {"stop_id": "vic:rail:UPW_EN1", "stop_name": "Main St", "full_name": "Main St", "is_interchange": false, "mode": "Metro Train"}}, {"type": "Feature", "geometry": {"type": "Point", "coordinates": [144.99445143, -37.79915782]}, "properties": {"stop_id": "vic:rail:VPK", "stop_name": "Victoria Park", "full_name": "Victoria Park Railway Station", "is_interchange": false, "mode": "Metro Train"}}, {"type": "Feature", "geometry": {"type": "Point", "coordinates": [144.99459569, -37.79886289]}, "properties": {"stop_id": "vic:rail:VPK_EN1", "stop_name": "Lulie St", "full_name": "Lulie St", "is_interchange": false, "mode": "Metro Train"}}, {"type": "Feature", "geometry": {"type": "Point", "coordinates": [144.99442399, -37.79975214]}, "properties": {"stop_id": "vic:rail:VPK_EN2", "stop_name": "Johnston St", "full_name": "Johnston St", "is_interchange": false, "mode": "Metro Train"}}, {"type": "Feature", "geometry": {"type": "Point", "coordinates": [145.08379338, -37.71095798]}, "properties": {"stop_id": "vic:rail:WAT", "stop_name": "Watsonia", "full_name": "Watsonia Railway Station", "is_interchange": false, "mode": "Metro Train"}}, {"type": "Feature", "geometry": {"type": "Point", "coordinates": [145.08381974, -37.7112558]}, "properties": {"stop_id": "vic:rail:WAT_EN1", "stop_name": "Greensborough Rd", "full_name": "Greensborough Rd", "is_interchange": false, "mode": "Metro Train"}}, {"type": "Feature", "geometry": {"type": "Point", "coordinates": [145.08338355, -37.7110144]}, "properties": {"stop_id": "vic:rail:WAT_EN2", "stop_name": "Watsonia Rd", "full_name": "Watsonia Rd", "is_interchange": false, "mode": "Metro Train"}}, {"type": "Feature", "geometry": {"type": "Point", "coordinates": [144.89448368, -37.86398189]}, "properties": {"stop_id": "vic:rail:WBH", "stop_name": "Williamstown Beach", "full_name": "Williamstown Beach Railway Station", "is_interchange": false, "mode": "Metro Train"}}, {"type": "Feature", "geometry": {"type": "Point", "coordinates": [144.66111801, -37.89937805]}, "properties": {"stop_id": "vic:rail:WER", "stop_name": "Werribee", "full_name": "Werribee Railway Station", "is_interchange": false, "mode": "Metro Train"}}, {"type": "Feature", "geometry": {"type": "Point", "coordinates": [144.66082684, -37.89887664]}, "properties": {"stop_id": "vic:rail:WER_EN1", "stop_name": "Manly St", "full_name": "Manly St", "is_interchange": false, "mode": "Metro Train"}}, {"type": "Feature", "geometry": {"type": "Point", "coordinates": [144.66107622, -37.89962052]}, "properties": {"stop_id": "vic:rail:WER_EN2", "stop_name": "Comben Dr", "full_name": "Comben Dr", "is_interchange": false, "mode": "Metro Train"}}, {"type": "Feature", "geometry": {"type": "Point", "coordinates": [144.88398479, -37.80180266]}, "properties": {"stop_id": "vic:rail:WFY", "stop_name": "West Footscray", "full_name": "West Footscray Railway Station", "is_interchange": false, "mode": "Metro Train"}}, {"type": "Feature", "geometry": {"type": "Point", "coordinates": [144.88434179, -37.80123232]}, "properties": {"stop_id": "vic:rail:WFY_EN1", "stop_name": "Cross St", "full_name": "Cross St", "is_interchange": false, "mode": "Metro Train"}}, {"type": "Feature", "geometry": {"type": "Point", "coordinates": [144.77418099, -37.70111071]}, "properties": {"stop_id": "vic:rail:WGS", "stop_name": "Watergardens", "full_name": "Watergardens Railway Station", "is_interchange": false, "mode": "Metro Train"}}, {"type": "Feature", "geometry": {"type": "Point", "coordinates": [144.77366303, -37.70022679]}, "properties": {"stop_id": "vic:rail:WGS_EN1", "stop_name": "Watergardens Cct Rd", "full_name": "Watergardens Cct Rd", "is_interchange": false, "mode": "Metro Train"}}, {"type": "Feature", "geometry": {"type": "Point", "coordinates": [144.77342637, -37.70093424]}, "properties": {"stop_id": "vic:rail:WGS_EN7", "stop_name": "Sydenham Rd", "full_name": "Sydenham Rd", "is_interchange": false, "mode": "Metro Train"}}, {"type": "Feature", "geometry": {"type": "Point", "coordinates": [144.90532331, -37.86775292]}, "properties": {"stop_id": "vic:rail:WIL", "stop_name": "Williamstown", "full_name": "Williamstown Railway Station", "is_interchange": false, "mode": "Metro Train"}}, {"type": "Feature", "geometry": {"type": "Point", "coordinates": [144.90538445, -37.86760081]}, "properties": {"stop_id": "vic:rail:WIL_EN1", "stop_name": "Ann St", "full_name": "Ann St", "is_interchange": false, "mode": "Metro Train"}}, {"type": "Feature", "geometry": {"type": "Point", "coordinates": [144.99203517, -37.85605308]}, "properties": {"stop_id": "vic:rail:WIN", "stop_name": "Windsor", "full_name": "Windsor Railway Station", "is_interchange": false, "mode": "Metro Train"}}, {"type": "Feature", "geometry": {"type": "Point", "coordinates": [144.9920243, -37.85603487]}, "properties": {"stop_id": "vic:rail:WIN_DP1", "stop_name": "Peel St", "full_name": "Peel St", "is_interchange": false, "mode": "Metro Train"}}, {"type": "Feature", "geometry": {"type": "Point", "coordinates": [144.99211689, -37.85597337]}, "properties": {"stop_id": "vic:rail:WIN_EN2", "stop_name": "Maddock St", "full_name": "Maddock St", "is_interchange": false, "mode": "Metro Train"}}, {"type": "Feature", "geometry": {"type": "Point", "coordinates": [144.99242766, -37.85624902]}, "properties": {"stop_id": "vic:rail:WIN_EN3", "stop_name": "Chapel St", "full_name": "Chapel St", "is_interchange": false, "mode": "Metro Train"}}, {"type": "Feature", "geometry": {"type": "Point", "coordinates": [144.74744472, -37.86986533]}, "properties": {"stop_id": "vic:rail:WLD", "stop_name": "Williams Landing", "full_name": "Williams Landing Railway Station", "is_interchange": false, "mode": "Metro Train"}}, {"type": "Feature", "geometry": {"type": "Point", "coordinates": [144.74665944, -37.86989535]}, "properties": {"stop_id": "vic:rail:WLD_EN1", "stop_name": "Altair St", "full_name": "Altair St", "is_interchange": false, "mode": "Metro Train"}}, {"type": "Feature", "geometry": {"type": "Point", "coordinates": [144.74683606, -37.87118736]}, "properties": {"stop_id": "vic:rail:WLD_EN3", "stop_name": "Wallace Ave", "full_name": "Wallace Ave", "is_interchange": false, "mode": "Metro Train"}}, {"type": "Feature", "geometry": {"type": "Point", "coordinates": [144.99142278, -37.81494896]}, "properties": {"stop_id": "vic:rail:WRM", "stop_name": "West Richmond", "full_name": "West Richmond Railway Station", "is_interchange": false, "mode": "Metro Train"}}, {"type": "Feature", "geometry": {"type": "Point", "coordinates": [144.99160299, -37.81500611]}, "properties": {"stop_id": "vic:rail:WRM_EN1", "stop_name": "Muir St", "full_name": "Muir St", "is_interchange": false, "mode": "Metro Train"}}, {"type": "Feature", "geometry": {"type": "Point", "coordinates": [144.99131217, -37.81483894]}, "properties": {"stop_id": "vic:rail:WRM_EN2", "stop_name": "Jika Pl", "full_name": "Jika Pl", "is_interchange": false, "mode": "Metro Train"}}, {"type": "Feature", "geometry": {"type": "Point", "coordinates": [145.07029756, -37.83571565]}, "properties": {"stop_id": "vic:rail:WSN", "stop_name": "Willison", "full_name": "Willison Railway Station", "is_interchange": false, "mode": "Metro Train"}}, {"type": "Feature", "geometry": {"type": "Point", "coordinates": [145.07024485, -37.83599415]}, "properties": {"stop_id": "vic:rail:WSN_EN1", "stop_name": "Stodart St", "full_name": "Stodart St", "is_interchange": false, "mode": "Metro Train"}}, {"type": "Feature", "geometry": {"type": "Point", "coordinates": [145.07057564, -37.83594551]}, "properties": {"stop_id": "vic:rail:WSN_EN2", "stop_name": "Shalless Dr", "full_name": "Shalless Dr", "is_interchange": false, "mode": "Metro Train"}}, {"type": "Feature", "geometry": {"type": "Point", "coordinates": [144.99923319, -37.7806207]}, "properties": {"stop_id": "vic:rail:WTG", "stop_name": "Westgarth", "full_name": "Westgarth Railway Station", "is_interchange": false, "mode": "Metro Train"}}, {"type": "Feature", "geometry": {"type": "Point", "coordinates": [144.99937927, -37.78067725]}, "properties": {"stop_id": "vic:rail:WTG_EN1", "stop_name": "Evans Cres", "full_name": "Evans Cres", "is_interchange": false, "mode": "Metro Train"}}, {"type": "Feature", "geometry": {"type": "Point", "coordinates": [145.13881033, -37.93847284]}, "properties": {"stop_id": "vic:rail:WTL", "stop_name": "Westall", "full_name": "Westall Railway Station", "is_interchange": false, "mode": "Metro Train"}}, {"type": "Feature", "geometry": {"type": "Point", "coordinates": [145.13832782, -37.93775327]}, "properties": {"stop_id": "vic:rail:WTL_EN1", "stop_name": "Rayhur St", "full_name": "Rayhur St", "is_interchange": false, "mode": "Metro Train"}}, {"type": "Feature", "geometry": {"type": "Point", "coordinates": [145.13798478, -37.93827052]}, "properties": {"stop_id": "vic:rail:WTL_EN2", "stop_name": "Autumn Terrace", "full_name": "Autumn Terrace", "is_interchange": false, "mode": "Metro Train"}}, {"type": "Feature", "geometry": {"type": "Point", "coordinates": [144.81349356, -37.86516348]}, "properties": {"stop_id": "vic:rail:WTO", "stop_name": "Westona", "full_name": "Westona Railway Station", "is_interchange": false, "mode": "Metro Train"}}, {"type": "Feature", "geometry": {"type": "Point", "coordinates": [144.8128373, -37.86506117]}, "properties": {"stop_id": "vic:rail:WTO_EN1", "stop_name": "Maidstone St", "full_name": "Maidstone St", "is_interchange": false, "mode": "Metro Train"}}, {"type": "Feature", "geometry": {"type": "Point", "coordinates": [145.18161453, -37.66396792]}, "properties": {"stop_id": "vic:rail:WTT", "stop_name": "Wattle Glen", "full_name": "Wattle Glen Railway Station", "is_interchange": false, "mode": "Metro Train"}}, {"type": "Feature", "geometry": {"type": "Point", "coordinates": [145.19160028, -37.97825454]}, "properties": {"stop_id": "vic:rail:YMN", "stop_name": "Yarraman", "full_name": "Yarraman Railway Station", "is_interchange": false, "mode": "Metro Train"}}, {"type": "Feature", "geometry": {"type": "Point", "coordinates": [145.1914099, -37.97812544]}, "properties": {"stop_id": "vic:rail:YMN_EN3", "stop_name": "Hanna St", "full_name": "Hanna St", "is_interchange": false, "mode": "Metro Train"}}, {"type": "Feature", "geometry": {"type": "Point", "coordinates": [144.88993371, -37.81585044]}, "properties": {"stop_id": "vic:rail:YVE", "stop_name": "Yarraville", "full_name": "Yarraville Railway Station", "is_interchange": false, "mode": "Metro Train"}}, {"type": "Feature", "geometry": {"type": "Point", "coordinates": [144.88962074, -37.81607013]}, "properties": {"stop_id": "vic:rail:YVE_EN1", "stop_name": "Birmingham St", "full_name": "Birmingham St", "is_interchange": false, "mode": "Metro Train"}}, {"type": "Feature", "geometry": {"type": "Point", "coordinates": [144.8899629, -37.81602219]}, "properties": {"stop_id": "vic:rail:YVE_EN2", "stop_name": "Canterbury St", "full_name": "Canterbury St", "is_interchange": false, "mode": "Metro Train"}}, {"type": "Feature", "geometry": {"type": "Point", "coordinates": [144.88979163, -37.81645168]}, "properties": {"stop_id": "vic:rail:YVE_EN3", "stop_name": "Anderson St", "full_name": "Anderson St", "is_interchange": false, "mode": "Metro Train"}}]}